============================================================
          AYODHYA DHARSHAN AUTOMATED SEO LAUNCHER          
============================================================
============================================================
        STARTING AUTOMATED DAILY SEO ENGINE CHECKUP        
============================================================

[Step 1/3] Optimizing & Geotagging Images...
✅ Image optimization complete. Optimized 0 new images.

[Step 2/3] Checking Google Keyword positions...
Checking keyword ranks on Google...
  🔍 Checking rank for: 'Delhi to Ayodhya tour package'...
    ➡️ Not in top 50
  🔍 Checking rank for: 'Mumbai to Ayodhya tour package'...
    ➡️ Not in top 50
  🔍 Checking rank for: 'Ahmedabad to Ayodhya tour package'...
    ➡️ Not in top 50
  🔍 Checking rank for: 'ayodhya to varanasi distance'...
    ➡️ Not in top 50
  🔍 Checking rank for: 'lucknow to ayodhya same day tour'...
    ➡️ Not in top 50
✅ Ranks updated in: /Users/rishabhjaiswal/ayodhya-darshan/seo_rank_history.csv

[Step 3/3] Auditing HTML Files & Schemas...
Scanning 46 HTML files for SEO health...
✨ Master health report written to: /Users/rishabhjaiswal/ayodhya-darshan/seo_health_report.md

============================================================
                  ALL AUTOMATED SEO TASKS DONE                  
============================================================

📄 Your master SEO report has been generated at: seo_health_report.md
============================================================
          AYODHYA DHARSHAN AUTOMATED SEO LAUNCHER          
============================================================
============================================================
        STARTING AUTOMATED DAILY SEO ENGINE CHECKUP        
============================================================

[Step 1/3] Optimizing & Geotagging Images...
✅ Image optimization complete. Optimized 0 new images.

[Step 2/3] Checking Google Keyword positions...
Checking keyword ranks on Google...
  🔍 Checking rank for: 'Delhi to Ayodhya tour package'...
  ⚠️ Error fetching search results for 'Delhi to Ayodhya tour package': <urlopen error [Errno 8] nodename nor servname provided, or not known>
    ➡️ Blocked/Error
  🔍 Checking rank for: 'Mumbai to Ayodhya tour package'...
  ⚠️ Error fetching search results for 'Mumbai to Ayodhya tour package': <urlopen error [Errno 8] nodename nor servname provided, or not known>
    ➡️ Blocked/Error
  🔍 Checking rank for: 'Ahmedabad to Ayodhya tour package'...
  ⚠️ Error fetching search results for 'Ahmedabad to Ayodhya tour package': <urlopen error [Errno 8] nodename nor servname provided, or not known>
    ➡️ Blocked/Error
  🔍 Checking rank for: 'ayodhya to varanasi distance'...
  ⚠️ Error fetching search results for 'ayodhya to varanasi distance': <urlopen error [Errno 8] nodename nor servname provided, or not known>
    ➡️ Blocked/Error
  🔍 Checking rank for: 'lucknow to ayodhya same day tour'...
  ⚠️ Error fetching search results for 'lucknow to ayodhya same day tour': <urlopen error [Errno 8] nodename nor servname provided, or not known>
    ➡️ Blocked/Error
✅ Ranks updated in: /Users/rishabhjaiswal/ayodhya-darshan/seo_rank_history.csv

[Step 3/3] Auditing HTML Files & Schemas...
Scanning 46 HTML files for SEO health...
✨ Master health report written to: /Users/rishabhjaiswal/ayodhya-darshan/seo_health_report.md

============================================================
                  ALL AUTOMATED SEO TASKS DONE                  
============================================================

📄 Your master SEO report has been generated at: seo_health_report.md
============================================================
          AYODHYA DHARSHAN AUTOMATED SEO LAUNCHER          
============================================================
============================================================
        STARTING AUTOMATED DAILY SEO ENGINE CHECKUP        
============================================================

[Step 1/3] Optimizing & Geotagging Images...
✅ Image optimization complete. Optimized 0 new images.

[Step 2/3] Checking Google Keyword positions...
Checking keyword ranks on Google...
  🔍 Checking rank for: 'Delhi to Ayodhya tour package'...
  ⚠️ Error fetching search results for 'Delhi to Ayodhya tour package': <urlopen error [Errno 8] nodename nor servname provided, or not known>
    ➡️ Blocked/Error
  🔍 Checking rank for: 'Mumbai to Ayodhya tour package'...
  ⚠️ Error fetching search results for 'Mumbai to Ayodhya tour package': <urlopen error [Errno 8] nodename nor servname provided, or not known>
    ➡️ Blocked/Error
  🔍 Checking rank for: 'Ahmedabad to Ayodhya tour package'...
  ⚠️ Error fetching search results for 'Ahmedabad to Ayodhya tour package': <urlopen error [Errno 8] nodename nor servname provided, or not known>
    ➡️ Blocked/Error
  🔍 Checking rank for: 'ayodhya to varanasi distance'...
  ⚠️ Error fetching search results for 'ayodhya to varanasi distance': <urlopen error [Errno 8] nodename nor servname provided, or not known>
    ➡️ Blocked/Error
  🔍 Checking rank for: 'lucknow to ayodhya same day tour'...
  ⚠️ Error fetching search results for 'lucknow to ayodhya same day tour': <urlopen error [Errno 8] nodename nor servname provided, or not known>
    ➡️ Blocked/Error
✅ Ranks updated in: /Users/rishabhjaiswal/ayodhya-darshan/seo_rank_history.csv

[Step 3/3] Auditing HTML Files & Schemas...
Scanning 46 HTML files for SEO health...
✨ Master health report written to: /Users/rishabhjaiswal/ayodhya-darshan/seo_health_report.md

============================================================
                  ALL AUTOMATED SEO TASKS DONE                  
============================================================

📄 Your master SEO report has been generated at: seo_health_report.md
============================================================
          AYODHYA DHARSHAN AUTOMATED SEO LAUNCHER          
============================================================
============================================================
        STARTING AUTOMATED DAILY SEO ENGINE CHECKUP        
============================================================

[Step 1/3] Optimizing & Geotagging Images...
✅ Image optimization complete. Optimized 0 new images.

[Step 2/3] Checking Google Keyword positions...
Checking keyword ranks on Google...
  🔍 Checking rank for: 'Delhi to Ayodhya tour package'...
    ➡️ Not in top 50
  🔍 Checking rank for: 'Mumbai to Ayodhya tour package'...
    ➡️ Not in top 50
  🔍 Checking rank for: 'Ahmedabad to Ayodhya tour package'...
    ➡️ Not in top 50
  🔍 Checking rank for: 'ayodhya to varanasi distance'...
    ➡️ Not in top 50
  🔍 Checking rank for: 'lucknow to ayodhya same day tour'...
    ➡️ Not in top 50
✅ Ranks updated in: /Users/rishabhjaiswal/ayodhya-darshan/seo_rank_history.csv

[Step 3/3] Auditing HTML Files & Schemas...
Scanning 46 HTML files for SEO health...
✨ Master health report written to: /Users/rishabhjaiswal/ayodhya-darshan/seo_health_report.md

============================================================
                  ALL AUTOMATED SEO TASKS DONE                  
============================================================

📄 Your master SEO report has been generated at: seo_health_report.md
============================================================
          AYODHYA DHARSHAN AUTOMATED SEO LAUNCHER          
============================================================
============================================================
        STARTING AUTOMATED DAILY SEO ENGINE CHECKUP        
============================================================

[Step 1/3] Optimizing & Geotagging Images...
✅ Image optimization complete. Optimized 0 new images.

[Step 2/3] Checking Google Keyword positions...
Checking keyword ranks on Google...
  🔍 Checking rank for: 'Delhi to Ayodhya tour package'...
    ➡️ Not in top 50
  🔍 Checking rank for: 'Mumbai to Ayodhya tour package'...
    ➡️ Not in top 50
  🔍 Checking rank for: 'Ahmedabad to Ayodhya tour package'...
    ➡️ Not in top 50
  🔍 Checking rank for: 'ayodhya to varanasi distance'...
    ➡️ Not in top 50
  🔍 Checking rank for: 'lucknow to ayodhya same day tour'...
    ➡️ Not in top 50
✅ Ranks updated in: /Users/rishabhjaiswal/ayodhya-darshan/seo_rank_history.csv

[Step 3/3] Auditing HTML Files & Schemas...
Scanning 46 HTML files for SEO health...
✨ Master health report written to: /Users/rishabhjaiswal/ayodhya-darshan/seo_health_report.md

============================================================
                  ALL AUTOMATED SEO TASKS DONE                  
============================================================
🚀 Starting Auto-Push to GitHub...
[main db1f4e9] Auto-update: Daily SEO rankings, health report, and optimized assets
 Committer: Rishabh Jaiswal <rishabhjaiswal@Rishabhs-MacBook-Pro-2.local>
Your name and email address were configured automatically based
on your username and hostname. Please check that they are accurate.
You can suppress this message by setting them explicitly. Run the
following command and follow the instructions in your editor to edit
your configuration file:

    git config --global --edit

After doing this, you may fix the identity used for this commit with:

    git commit --amend --reset-author

 2 files changed, 6 insertions(+), 1 deletion(-)

📄 Your master SEO report has been generated and pushed to GitHub!
============================================================
          AYODHYA DHARSHAN AUTOMATED SEO LAUNCHER          
============================================================
============================================================
        STARTING AUTOMATED DAILY SEO ENGINE CHECKUP        
============================================================

[Step 1/3] Optimizing & Geotagging Images...
✅ Image optimization complete. Optimized 0 new images.

[Step 2/3] Checking Google Keyword positions...
Checking keyword ranks on Google...
  🔍 Checking rank for: 'Delhi to Ayodhya tour package'...
  ⚠️ Error fetching search results for 'Delhi to Ayodhya tour package': <urlopen error [Errno 8] nodename nor servname provided, or not known>
    ➡️ Blocked/Error
  🔍 Checking rank for: 'Mumbai to Ayodhya tour package'...
  ⚠️ Error fetching search results for 'Mumbai to Ayodhya tour package': <urlopen error [Errno 8] nodename nor servname provided, or not known>
    ➡️ Blocked/Error
  🔍 Checking rank for: 'Ahmedabad to Ayodhya tour package'...
  ⚠️ Error fetching search results for 'Ahmedabad to Ayodhya tour package': <urlopen error [Errno 8] nodename nor servname provided, or not known>
    ➡️ Blocked/Error
  🔍 Checking rank for: 'ayodhya to varanasi distance'...
  ⚠️ Error fetching search results for 'ayodhya to varanasi distance': <urlopen error [Errno 8] nodename nor servname provided, or not known>
    ➡️ Blocked/Error
  🔍 Checking rank for: 'lucknow to ayodhya same day tour'...
  ⚠️ Error fetching search results for 'lucknow to ayodhya same day tour': <urlopen error [Errno 8] nodename nor servname provided, or not known>
    ➡️ Blocked/Error
✅ Ranks updated in: /Users/rishabhjaiswal/ayodhya-darshan/seo_rank_history.csv

[Step 3/3] Auditing HTML Files & Schemas...
Scanning 46 HTML files for SEO health...
✨ Master health report written to: /Users/rishabhjaiswal/ayodhya-darshan/seo_health_report.md

============================================================
                  ALL AUTOMATED SEO TASKS DONE                  
============================================================
🚀 Starting Auto-Push to GitHub...
[main 4c0f51e] Auto-update: Daily SEO rankings, health report, and optimized assets
 Committer: Rishabh Jaiswal <rishabhjaiswal@Rishabhs-MacBook-Pro-2.local>
Your name and email address were configured automatically based
on your username and hostname. Please check that they are accurate.
You can suppress this message by setting them explicitly. Run the
following command and follow the instructions in your editor to edit
your configuration file:

    git config --global --edit

After doing this, you may fix the identity used for this commit with:

    git commit --amend --reset-author

 2 files changed, 6 insertions(+), 1 deletion(-)

📄 Your master SEO report has been generated and pushed to GitHub!
============================================================
          AYODHYA DHARSHAN AUTOMATED SEO LAUNCHER          
============================================================
============================================================
        STARTING AUTOMATED DAILY SEO ENGINE CHECKUP        
============================================================

[Step 1/3] Optimizing & Geotagging Images...
✅ Image optimization complete. Optimized 0 new images.

[Step 2/3] Checking Google Keyword positions...
Checking keyword ranks on Google...
  🔍 Checking rank for: 'Delhi to Ayodhya tour package'...
  ⚠️ Error fetching search results for 'Delhi to Ayodhya tour package': <urlopen error [Errno 8] nodename nor servname provided, or not known>
    ➡️ Blocked/Error
  🔍 Checking rank for: 'Mumbai to Ayodhya tour package'...
  ⚠️ Error fetching search results for 'Mumbai to Ayodhya tour package': <urlopen error [Errno 8] nodename nor servname provided, or not known>
    ➡️ Blocked/Error
  🔍 Checking rank for: 'Ahmedabad to Ayodhya tour package'...
  ⚠️ Error fetching search results for 'Ahmedabad to Ayodhya tour package': <urlopen error [Errno 8] nodename nor servname provided, or not known>
    ➡️ Blocked/Error
  🔍 Checking rank for: 'ayodhya to varanasi distance'...
  ⚠️ Error fetching search results for 'ayodhya to varanasi distance': <urlopen error [Errno 8] nodename nor servname provided, or not known>
    ➡️ Blocked/Error
  🔍 Checking rank for: 'lucknow to ayodhya same day tour'...
  ⚠️ Error fetching search results for 'lucknow to ayodhya same day tour': <urlopen error [Errno 8] nodename nor servname provided, or not known>
    ➡️ Blocked/Error
✅ Ranks updated in: /Users/rishabhjaiswal/ayodhya-darshan/seo_rank_history.csv

[Step 3/3] Auditing HTML Files & Schemas...
Scanning 46 HTML files for SEO health...
✨ Master health report written to: /Users/rishabhjaiswal/ayodhya-darshan/seo_health_report.md

============================================================
                  ALL AUTOMATED SEO TASKS DONE                  
============================================================
🚀 Starting Auto-Push to GitHub...
[main 45b5421] Auto-update: Daily SEO rankings, health report, and optimized assets
 Committer: Rishabh Jaiswal <rishabhjaiswal@Rishabhs-MacBook-Pro-2.local>
Your name and email address were configured automatically based
on your username and hostname. Please check that they are accurate.
You can suppress this message by setting them explicitly. Run the
following command and follow the instructions in your editor to edit
your configuration file:

    git config --global --edit

After doing this, you may fix the identity used for this commit with:

    git commit --amend --reset-author

 2 files changed, 6 insertions(+), 1 deletion(-)

📄 Your master SEO report has been generated and pushed to GitHub!
============================================================
          AYODHYA DHARSHAN AUTOMATED SEO LAUNCHER          
============================================================
============================================================
        STARTING AUTOMATED DAILY SEO ENGINE CHECKUP        
============================================================

[Step 1/3] Optimizing & Geotagging Images...
✅ Image optimization complete. Optimized 0 new images.

[Step 2/3] Checking Google Keyword positions...
Checking keyword ranks on Google...
  🔍 Checking rank for: 'Delhi to Ayodhya tour package'...
  ⚠️ Error fetching search results for 'Delhi to Ayodhya tour package': <urlopen error [Errno 8] nodename nor servname provided, or not known>
    ➡️ Blocked/Error
  🔍 Checking rank for: 'Mumbai to Ayodhya tour package'...
  ⚠️ Error fetching search results for 'Mumbai to Ayodhya tour package': <urlopen error [Errno 8] nodename nor servname provided, or not known>
    ➡️ Blocked/Error
  🔍 Checking rank for: 'Ahmedabad to Ayodhya tour package'...
  ⚠️ Error fetching search results for 'Ahmedabad to Ayodhya tour package': <urlopen error [Errno 8] nodename nor servname provided, or not known>
    ➡️ Blocked/Error
  🔍 Checking rank for: 'ayodhya to varanasi distance'...
  ⚠️ Error fetching search results for 'ayodhya to varanasi distance': <urlopen error [Errno 8] nodename nor servname provided, or not known>
    ➡️ Blocked/Error
  🔍 Checking rank for: 'lucknow to ayodhya same day tour'...
  ⚠️ Error fetching search results for 'lucknow to ayodhya same day tour': <urlopen error [Errno 8] nodename nor servname provided, or not known>
    ➡️ Blocked/Error
✅ Ranks updated in: /Users/rishabhjaiswal/ayodhya-darshan/seo_rank_history.csv

[Step 3/3] Auditing HTML Files & Schemas...
Scanning 46 HTML files for SEO health...
✨ Master health report written to: /Users/rishabhjaiswal/ayodhya-darshan/seo_health_report.md

============================================================
                  ALL AUTOMATED SEO TASKS DONE                  
============================================================
🚀 Starting Auto-Push to GitHub...
[main 6e44144] Auto-update: Daily SEO rankings, health report, and optimized assets
 Committer: Rishabh Jaiswal <rishabhjaiswal@Rishabhs-MacBook-Pro-2.local>
Your name and email address were configured automatically based
on your username and hostname. Please check that they are accurate.
You can suppress this message by setting them explicitly. Run the
following command and follow the instructions in your editor to edit
your configuration file:

    git config --global --edit

After doing this, you may fix the identity used for this commit with:

    git commit --amend --reset-author

 2 files changed, 6 insertions(+), 1 deletion(-)

📄 Your master SEO report has been generated and pushed to GitHub!
============================================================
          AYODHYA DHARSHAN AUTOMATED SEO LAUNCHER          
============================================================
============================================================
        STARTING AUTOMATED DAILY SEO ENGINE CHECKUP        
============================================================

[Step 1/3] Optimizing & Geotagging Images...
✅ Image optimization complete. Optimized 0 new images.

[Step 2/3] Checking Google Keyword positions...
Checking keyword ranks on Google...
  🔍 Checking rank for: 'Delhi to Ayodhya tour package'...
  ⚠️ Error fetching search results for 'Delhi to Ayodhya tour package': <urlopen error [Errno 8] nodename nor servname provided, or not known>
    ➡️ Blocked/Error
  🔍 Checking rank for: 'Mumbai to Ayodhya tour package'...
  ⚠️ Error fetching search results for 'Mumbai to Ayodhya tour package': <urlopen error [Errno 8] nodename nor servname provided, or not known>
    ➡️ Blocked/Error
  🔍 Checking rank for: 'Ahmedabad to Ayodhya tour package'...
  ⚠️ Error fetching search results for 'Ahmedabad to Ayodhya tour package': <urlopen error [Errno 8] nodename nor servname provided, or not known>
    ➡️ Blocked/Error
  🔍 Checking rank for: 'ayodhya to varanasi distance'...
  ⚠️ Error fetching search results for 'ayodhya to varanasi distance': <urlopen error [Errno 8] nodename nor servname provided, or not known>
    ➡️ Blocked/Error
  🔍 Checking rank for: 'lucknow to ayodhya same day tour'...
  ⚠️ Error fetching search results for 'lucknow to ayodhya same day tour': <urlopen error [Errno 8] nodename nor servname provided, or not known>
    ➡️ Blocked/Error
✅ Ranks updated in: /Users/rishabhjaiswal/ayodhya-darshan/seo_rank_history.csv

[Step 3/3] Auditing HTML Files & Schemas...
Scanning 46 HTML files for SEO health...
✨ Master health report written to: /Users/rishabhjaiswal/ayodhya-darshan/seo_health_report.md

============================================================
                  ALL AUTOMATED SEO TASKS DONE                  
============================================================
🚀 Starting Auto-Push to GitHub...
[main 1cb7040] Auto-update: Daily SEO rankings, health report, and optimized assets
 Committer: Rishabh Jaiswal <rishabhjaiswal@Rishabhs-MacBook-Pro-2.local>
Your name and email address were configured automatically based
on your username and hostname. Please check that they are accurate.
You can suppress this message by setting them explicitly. Run the
following command and follow the instructions in your editor to edit
your configuration file:

    git config --global --edit

After doing this, you may fix the identity used for this commit with:

    git commit --amend --reset-author

 2 files changed, 6 insertions(+), 1 deletion(-)

📄 Your master SEO report has been generated and pushed to GitHub!
============================================================
          AYODHYA DHARSHAN AUTOMATED SEO LAUNCHER          
============================================================
============================================================
        STARTING AUTOMATED DAILY SEO ENGINE CHECKUP        
============================================================

[Step 1/3] Optimizing & Geotagging Images...
✅ Image optimization complete. Optimized 0 new images.

[Step 2/3] Checking Google Keyword positions...
Checking keyword ranks on Google...
  🔍 Checking rank for: 'Delhi to Ayodhya tour package'...
    ➡️ Not in top 50
  🔍 Checking rank for: 'Mumbai to Ayodhya tour package'...
    ➡️ Not in top 50
  🔍 Checking rank for: 'Ahmedabad to Ayodhya tour package'...
    ➡️ Not in top 50
  🔍 Checking rank for: 'ayodhya to varanasi distance'...
    ➡️ Not in top 50
  🔍 Checking rank for: 'lucknow to ayodhya same day tour'...
    ➡️ Not in top 50
✅ Ranks updated in: /Users/rishabhjaiswal/ayodhya-darshan/seo_rank_history.csv

[Step 3/3] Auditing HTML Files & Schemas...
Scanning 46 HTML files for SEO health...
✨ Master health report written to: /Users/rishabhjaiswal/ayodhya-darshan/seo_health_report.md

============================================================
                  ALL AUTOMATED SEO TASKS DONE                  
============================================================
🚀 Starting Auto-Push to GitHub...
[main 3191c4a] Auto-update: Daily SEO rankings, health report, and optimized assets
 Committer: Rishabh Jaiswal <rishabhjaiswal@Rishabhs-MacBook-Pro-2.local>
Your name and email address were configured automatically based
on your username and hostname. Please check that they are accurate.
You can suppress this message by setting them explicitly. Run the
following command and follow the instructions in your editor to edit
your configuration file:

    git config --global --edit

After doing this, you may fix the identity used for this commit with:

    git commit --amend --reset-author

 2 files changed, 6 insertions(+), 1 deletion(-)

📄 Your master SEO report has been generated and pushed to GitHub!
============================================================
          AYODHYA DHARSHAN AUTOMATED SEO LAUNCHER          
============================================================
============================================================
        STARTING AUTOMATED DAILY SEO ENGINE CHECKUP        
============================================================

[Step 1/3] Optimizing & Geotagging Images...
✅ Image optimization complete. Optimized 0 new images.

[Step 2/3] Checking Google Keyword positions...
Checking keyword ranks on Google...
  🔍 Checking rank for: 'Delhi to Ayodhya tour package'...
  ⚠️ Error fetching search results for 'Delhi to Ayodhya tour package': <urlopen error [Errno 8] nodename nor servname provided, or not known>
    ➡️ Blocked/Error
  🔍 Checking rank for: 'Mumbai to Ayodhya tour package'...
  ⚠️ Error fetching search results for 'Mumbai to Ayodhya tour package': <urlopen error [Errno 8] nodename nor servname provided, or not known>
    ➡️ Blocked/Error
  🔍 Checking rank for: 'Ahmedabad to Ayodhya tour package'...
  ⚠️ Error fetching search results for 'Ahmedabad to Ayodhya tour package': <urlopen error [Errno 8] nodename nor servname provided, or not known>
    ➡️ Blocked/Error
  🔍 Checking rank for: 'ayodhya to varanasi distance'...
  ⚠️ Error fetching search results for 'ayodhya to varanasi distance': <urlopen error [Errno 8] nodename nor servname provided, or not known>
    ➡️ Blocked/Error
  🔍 Checking rank for: 'lucknow to ayodhya same day tour'...
  ⚠️ Error fetching search results for 'lucknow to ayodhya same day tour': <urlopen error [Errno 8] nodename nor servname provided, or not known>
    ➡️ Blocked/Error
✅ Ranks updated in: /Users/rishabhjaiswal/ayodhya-darshan/seo_rank_history.csv

[Step 3/3] Auditing HTML Files & Schemas...
Scanning 46 HTML files for SEO health...
✨ Master health report written to: /Users/rishabhjaiswal/ayodhya-darshan/seo_health_report.md

============================================================
                  ALL AUTOMATED SEO TASKS DONE                  
============================================================
🚀 Starting Auto-Push to GitHub...
[main 9441cb5] Auto-update: Daily SEO rankings, health report, and optimized assets
 Committer: Rishabh Jaiswal <rishabhjaiswal@Rishabhs-MacBook-Pro-2.local>
Your name and email address were configured automatically based
on your username and hostname. Please check that they are accurate.
You can suppress this message by setting them explicitly. Run the
following command and follow the instructions in your editor to edit
your configuration file:

    git config --global --edit

After doing this, you may fix the identity used for this commit with:

    git commit --amend --reset-author

 2 files changed, 6 insertions(+), 1 deletion(-)

📄 Your master SEO report has been generated and pushed to GitHub!
============================================================
          AYODHYA DHARSHAN AUTOMATED SEO LAUNCHER          
============================================================
============================================================
        STARTING AUTOMATED DAILY SEO ENGINE CHECKUP        
============================================================

[Step 1/3] Optimizing & Geotagging Images...
✅ Image optimization complete. Optimized 0 new images.

[Step 2/3] Checking Google Keyword positions...
Checking keyword ranks on Google...
  🔍 Checking rank for: 'Delhi to Ayodhya tour package'...
  ⚠️ Error fetching search results for 'Delhi to Ayodhya tour package': <urlopen error [Errno 8] nodename nor servname provided, or not known>
    ➡️ Blocked/Error
  🔍 Checking rank for: 'Mumbai to Ayodhya tour package'...
  ⚠️ Error fetching search results for 'Mumbai to Ayodhya tour package': <urlopen error [Errno 8] nodename nor servname provided, or not known>
    ➡️ Blocked/Error
  🔍 Checking rank for: 'Ahmedabad to Ayodhya tour package'...
  ⚠️ Error fetching search results for 'Ahmedabad to Ayodhya tour package': <urlopen error [Errno 8] nodename nor servname provided, or not known>
    ➡️ Blocked/Error
  🔍 Checking rank for: 'ayodhya to varanasi distance'...
  ⚠️ Error fetching search results for 'ayodhya to varanasi distance': <urlopen error [Errno 8] nodename nor servname provided, or not known>
    ➡️ Blocked/Error
  🔍 Checking rank for: 'lucknow to ayodhya same day tour'...
  ⚠️ Error fetching search results for 'lucknow to ayodhya same day tour': <urlopen error [Errno 8] nodename nor servname provided, or not known>
    ➡️ Blocked/Error
✅ Ranks updated in: /Users/rishabhjaiswal/ayodhya-darshan/seo_rank_history.csv

[Step 3/3] Auditing HTML Files & Schemas...
Scanning 47 HTML files for SEO health...
✨ Master health report written to: /Users/rishabhjaiswal/ayodhya-darshan/seo_health_report.md

============================================================
                  ALL AUTOMATED SEO TASKS DONE                  
============================================================
🚀 Starting Auto-Push to GitHub...
[main bb36435] Auto-update: Daily SEO rankings, health report, and optimized assets
 Committer: Rishabh Jaiswal <rishabhjaiswal@Rishabhs-MacBook-Pro-2.local>
Your name and email address were configured automatically based
on your username and hostname. Please check that they are accurate.
You can suppress this message by setting them explicitly. Run the
following command and follow the instructions in your editor to edit
your configuration file:

    git config --global --edit

After doing this, you may fix the identity used for this commit with:

    git commit --amend --reset-author

 2 files changed, 6 insertions(+), 1 deletion(-)

📄 Your master SEO report has been generated and pushed to GitHub!
============================================================
          AYODHYA DHARSHAN AUTOMATED SEO LAUNCHER          
============================================================
============================================================
        STARTING AUTOMATED DAILY SEO ENGINE CHECKUP        
============================================================

[Step 1/3] Optimizing & Geotagging Images...
✅ Image optimization complete. Optimized 0 new images.

[Step 2/3] Checking Google Keyword positions...
Checking keyword ranks on Google...
  🔍 Checking rank for: 'Delhi to Ayodhya tour package'...
  ⚠️ Error fetching search results for 'Delhi to Ayodhya tour package': <urlopen error [Errno 8] nodename nor servname provided, or not known>
    ➡️ Blocked/Error
  🔍 Checking rank for: 'Mumbai to Ayodhya tour package'...
  ⚠️ Error fetching search results for 'Mumbai to Ayodhya tour package': <urlopen error [Errno 8] nodename nor servname provided, or not known>
    ➡️ Blocked/Error
  🔍 Checking rank for: 'Ahmedabad to Ayodhya tour package'...
  ⚠️ Error fetching search results for 'Ahmedabad to Ayodhya tour package': <urlopen error [Errno 8] nodename nor servname provided, or not known>
    ➡️ Blocked/Error
  🔍 Checking rank for: 'ayodhya to varanasi distance'...
  ⚠️ Error fetching search results for 'ayodhya to varanasi distance': <urlopen error [Errno 8] nodename nor servname provided, or not known>
    ➡️ Blocked/Error
  🔍 Checking rank for: 'lucknow to ayodhya same day tour'...
  ⚠️ Error fetching search results for 'lucknow to ayodhya same day tour': <urlopen error [Errno 8] nodename nor servname provided, or not known>
    ➡️ Blocked/Error
✅ Ranks updated in: /Users/rishabhjaiswal/ayodhya-darshan/seo_rank_history.csv

[Step 3/3] Auditing HTML Files & Schemas...
Scanning 47 HTML files for SEO health...
✨ Master health report written to: /Users/rishabhjaiswal/ayodhya-darshan/seo_health_report.md

============================================================
                  ALL AUTOMATED SEO TASKS DONE                  
============================================================
🚀 Starting Auto-Push to GitHub...
[main e42baf8] Auto-update: Daily SEO rankings, health report, and optimized assets
 Committer: Rishabh Jaiswal <rishabhjaiswal@Rishabhs-MacBook-Pro-2.local>
Your name and email address were configured automatically based
on your username and hostname. Please check that they are accurate.
You can suppress this message by setting them explicitly. Run the
following command and follow the instructions in your editor to edit
your configuration file:

    git config --global --edit

After doing this, you may fix the identity used for this commit with:

    git commit --amend --reset-author

 2 files changed, 6 insertions(+), 1 deletion(-)

📄 Your master SEO report has been generated and pushed to GitHub!
============================================================
          AYODHYA DHARSHAN AUTOMATED SEO LAUNCHER          
============================================================
============================================================
        STARTING AUTOMATED DAILY SEO ENGINE CHECKUP        
============================================================

[Step 1/3] Optimizing & Geotagging Images...
✅ Image optimization complete. Optimized 0 new images.

[Step 2/3] Checking Google Keyword positions...
Checking keyword ranks on Google...
  🔍 Checking rank for: 'Delhi to Ayodhya tour package'...
  ⚠️ Error fetching search results for 'Delhi to Ayodhya tour package': <urlopen error [Errno 8] nodename nor servname provided, or not known>
    ➡️ Blocked/Error
  🔍 Checking rank for: 'Mumbai to Ayodhya tour package'...
  ⚠️ Error fetching search results for 'Mumbai to Ayodhya tour package': <urlopen error [Errno 8] nodename nor servname provided, or not known>
    ➡️ Blocked/Error
  🔍 Checking rank for: 'Ahmedabad to Ayodhya tour package'...
  ⚠️ Error fetching search results for 'Ahmedabad to Ayodhya tour package': <urlopen error [Errno 8] nodename nor servname provided, or not known>
    ➡️ Blocked/Error
  🔍 Checking rank for: 'ayodhya to varanasi distance'...
  ⚠️ Error fetching search results for 'ayodhya to varanasi distance': <urlopen error [Errno 8] nodename nor servname provided, or not known>
    ➡️ Blocked/Error
  🔍 Checking rank for: 'lucknow to ayodhya same day tour'...
  ⚠️ Error fetching search results for 'lucknow to ayodhya same day tour': <urlopen error [Errno 8] nodename nor servname provided, or not known>
    ➡️ Blocked/Error
✅ Ranks updated in: /Users/rishabhjaiswal/ayodhya-darshan/seo_rank_history.csv

[Step 3/3] Auditing HTML Files & Schemas...
Scanning 47 HTML files for SEO health...
✨ Master health report written to: /Users/rishabhjaiswal/ayodhya-darshan/seo_health_report.md

============================================================
                  ALL AUTOMATED SEO TASKS DONE                  
============================================================
🚀 Starting Auto-Push to GitHub...
[main 59aef3a] Auto-update: Daily SEO rankings, health report, and optimized assets
 Committer: Rishabh Jaiswal <rishabhjaiswal@Rishabhs-MacBook-Pro-2.local>
Your name and email address were configured automatically based
on your username and hostname. Please check that they are accurate.
You can suppress this message by setting them explicitly. Run the
following command and follow the instructions in your editor to edit
your configuration file:

    git config --global --edit

After doing this, you may fix the identity used for this commit with:

    git commit --amend --reset-author

 2 files changed, 6 insertions(+), 1 deletion(-)

📄 Your master SEO report has been generated and pushed to GitHub!
============================================================
          AYODHYA DHARSHAN AUTOMATED SEO LAUNCHER          
============================================================
============================================================
        STARTING AUTOMATED DAILY SEO ENGINE CHECKUP        
============================================================

[Step 1/3] Optimizing & Geotagging Images...
✅ Image optimization complete. Optimized 0 new images.

[Step 2/3] Checking Google Keyword positions...
Checking keyword ranks on Google...
  🔍 Checking rank for: 'Delhi to Ayodhya tour package'...
    ➡️ Not in top 50
  🔍 Checking rank for: 'Mumbai to Ayodhya tour package'...
    ➡️ Not in top 50
  🔍 Checking rank for: 'Ahmedabad to Ayodhya tour package'...
    ➡️ Not in top 50
  🔍 Checking rank for: 'ayodhya to varanasi distance'...
    ➡️ Not in top 50
  🔍 Checking rank for: 'lucknow to ayodhya same day tour'...
    ➡️ Not in top 50
✅ Ranks updated in: /Users/rishabhjaiswal/ayodhya-darshan/seo_rank_history.csv

[Step 3/3] Auditing HTML Files & Schemas...
Scanning 49 HTML files for SEO health...
✨ Master health report written to: /Users/rishabhjaiswal/ayodhya-darshan/seo_health_report.md

============================================================
                  ALL AUTOMATED SEO TASKS DONE                  
============================================================
🚀 Starting Auto-Push to GitHub...
[main 6d46f0d] Auto-update: Daily SEO rankings, health report, and optimized assets
 Committer: Rishabh Jaiswal <rishabhjaiswal@Rishabhs-MacBook-Pro-2.local>
Your name and email address were configured automatically based
on your username and hostname. Please check that they are accurate.
You can suppress this message by setting them explicitly. Run the
following command and follow the instructions in your editor to edit
your configuration file:

    git config --global --edit

After doing this, you may fix the identity used for this commit with:

    git commit --amend --reset-author

 2 files changed, 6 insertions(+), 1 deletion(-)

📄 Your master SEO report has been generated and pushed to GitHub!
============================================================
          AYODHYA DHARSHAN AUTOMATED SEO LAUNCHER          
============================================================
============================================================
        STARTING AUTOMATED DAILY SEO ENGINE CHECKUP        
============================================================

[Step 1/3] Optimizing & Geotagging Images...
✅ Image optimization complete. Optimized 0 new images.

[Step 2/3] Checking Google Keyword positions...
Checking keyword ranks on Google...
  🔍 Checking rank for: 'Delhi to Ayodhya tour package'...
  ⚠️ Error fetching search results for 'Delhi to Ayodhya tour package': <urlopen error [Errno 8] nodename nor servname provided, or not known>
    ➡️ Blocked/Error
  🔍 Checking rank for: 'Mumbai to Ayodhya tour package'...
  ⚠️ Error fetching search results for 'Mumbai to Ayodhya tour package': <urlopen error [Errno 8] nodename nor servname provided, or not known>
    ➡️ Blocked/Error
  🔍 Checking rank for: 'Ahmedabad to Ayodhya tour package'...
  ⚠️ Error fetching search results for 'Ahmedabad to Ayodhya tour package': <urlopen error [Errno 8] nodename nor servname provided, or not known>
    ➡️ Blocked/Error
  🔍 Checking rank for: 'ayodhya to varanasi distance'...
  ⚠️ Error fetching search results for 'ayodhya to varanasi distance': <urlopen error [Errno 8] nodename nor servname provided, or not known>
    ➡️ Blocked/Error
  🔍 Checking rank for: 'lucknow to ayodhya same day tour'...
  ⚠️ Error fetching search results for 'lucknow to ayodhya same day tour': <urlopen error [Errno 8] nodename nor servname provided, or not known>
    ➡️ Blocked/Error
✅ Ranks updated in: /Users/rishabhjaiswal/ayodhya-darshan/seo_rank_history.csv

[Step 3/3] Auditing HTML Files & Schemas...
Scanning 50 HTML files for SEO health...
✨ Master health report written to: /Users/rishabhjaiswal/ayodhya-darshan/seo_health_report.md

============================================================
                  ALL AUTOMATED SEO TASKS DONE                  
============================================================
🚀 Starting Auto-Push to GitHub...
[main ea0bf95] Auto-update: Daily SEO rankings, health report, and optimized assets
 Committer: Rishabh Jaiswal <rishabhjaiswal@Rishabhs-MacBook-Pro-2.local>
Your name and email address were configured automatically based
on your username and hostname. Please check that they are accurate.
You can suppress this message by setting them explicitly. Run the
following command and follow the instructions in your editor to edit
your configuration file:

    git config --global --edit

After doing this, you may fix the identity used for this commit with:

    git commit --amend --reset-author

 2 files changed, 6 insertions(+), 1 deletion(-)

📄 Your master SEO report has been generated and pushed to GitHub!
============================================================
          AYODHYA DHARSHAN AUTOMATED SEO LAUNCHER          
============================================================
============================================================
        STARTING AUTOMATED DAILY SEO ENGINE CHECKUP        
============================================================

[Step 1/3] Optimizing & Geotagging Images...
✅ Image optimization complete. Optimized 0 new images.

[Step 2/3] Checking Google Keyword positions...
Checking keyword ranks on Google...
  🔍 Checking rank for: 'Delhi to Ayodhya tour package'...
  ⚠️ Error fetching search results for 'Delhi to Ayodhya tour package': <urlopen error [Errno 8] nodename nor servname provided, or not known>
    ➡️ Blocked/Error
  🔍 Checking rank for: 'Mumbai to Ayodhya tour package'...
  ⚠️ Error fetching search results for 'Mumbai to Ayodhya tour package': <urlopen error [Errno 8] nodename nor servname provided, or not known>
    ➡️ Blocked/Error
  🔍 Checking rank for: 'Ahmedabad to Ayodhya tour package'...
  ⚠️ Error fetching search results for 'Ahmedabad to Ayodhya tour package': <urlopen error [Errno 8] nodename nor servname provided, or not known>
    ➡️ Blocked/Error
  🔍 Checking rank for: 'ayodhya to varanasi distance'...
  ⚠️ Error fetching search results for 'ayodhya to varanasi distance': <urlopen error [Errno 8] nodename nor servname provided, or not known>
    ➡️ Blocked/Error
  🔍 Checking rank for: 'lucknow to ayodhya same day tour'...
  ⚠️ Error fetching search results for 'lucknow to ayodhya same day tour': <urlopen error [Errno 8] nodename nor servname provided, or not known>
    ➡️ Blocked/Error
✅ Ranks updated in: /Users/rishabhjaiswal/ayodhya-darshan/seo_rank_history.csv

[Step 3/3] Auditing HTML Files & Schemas...
Scanning 51 HTML files for SEO health...
✨ Master health report written to: /Users/rishabhjaiswal/ayodhya-darshan/seo_health_report.md

============================================================
                  ALL AUTOMATED SEO TASKS DONE                  
============================================================
🚀 Starting Auto-Push to GitHub...
[main 247ce58] Auto-update: Daily SEO rankings, health report, and optimized assets
 Committer: Rishabh Jaiswal <rishabhjaiswal@Rishabhs-MacBook-Pro-2.local>
Your name and email address were configured automatically based
on your username and hostname. Please check that they are accurate.
You can suppress this message by setting them explicitly. Run the
following command and follow the instructions in your editor to edit
your configuration file:

    git config --global --edit

After doing this, you may fix the identity used for this commit with:

    git commit --amend --reset-author

 2 files changed, 6 insertions(+), 1 deletion(-)

📄 Your master SEO report has been generated and pushed to GitHub!
============================================================
          AYODHYA DHARSHAN AUTOMATED SEO LAUNCHER          
============================================================
============================================================
        STARTING AUTOMATED DAILY SEO ENGINE CHECKUP        
============================================================

[Step 1/3] Optimizing & Geotagging Images...
✅ Image optimization complete. Optimized 0 new images.

[Step 2/3] Checking Google Keyword positions...
Checking keyword ranks on Google...
  🔍 Checking rank for: 'Delhi to Ayodhya tour package'...
  ⚠️ Error fetching search results for 'Delhi to Ayodhya tour package': <urlopen error [Errno 8] nodename nor servname provided, or not known>
    ➡️ Blocked/Error
  🔍 Checking rank for: 'Mumbai to Ayodhya tour package'...
  ⚠️ Error fetching search results for 'Mumbai to Ayodhya tour package': <urlopen error [Errno 8] nodename nor servname provided, or not known>
    ➡️ Blocked/Error
  🔍 Checking rank for: 'Ahmedabad to Ayodhya tour package'...
  ⚠️ Error fetching search results for 'Ahmedabad to Ayodhya tour package': <urlopen error [Errno 8] nodename nor servname provided, or not known>
    ➡️ Blocked/Error
  🔍 Checking rank for: 'ayodhya to varanasi distance'...
  ⚠️ Error fetching search results for 'ayodhya to varanasi distance': <urlopen error [Errno 8] nodename nor servname provided, or not known>
    ➡️ Blocked/Error
  🔍 Checking rank for: 'lucknow to ayodhya same day tour'...
  ⚠️ Error fetching search results for 'lucknow to ayodhya same day tour': <urlopen error [Errno 8] nodename nor servname provided, or not known>
    ➡️ Blocked/Error
✅ Ranks updated in: /Users/rishabhjaiswal/ayodhya-darshan/seo_rank_history.csv

[Step 3/3] Auditing HTML Files & Schemas...
Scanning 52 HTML files for SEO health...
✨ Master health report written to: /Users/rishabhjaiswal/ayodhya-darshan/seo_health_report.md

============================================================
                  ALL AUTOMATED SEO TASKS DONE                  
============================================================
🚀 Starting Auto-Push to GitHub...
[main 827d894] Auto-update: Daily SEO rankings, health report, and optimized assets
 Committer: Rishabh Jaiswal <rishabhjaiswal@Rishabhs-MacBook-Pro-2.local>
Your name and email address were configured automatically based
on your username and hostname. Please check that they are accurate.
You can suppress this message by setting them explicitly. Run the
following command and follow the instructions in your editor to edit
your configuration file:

    git config --global --edit

After doing this, you may fix the identity used for this commit with:

    git commit --amend --reset-author

 2 files changed, 6 insertions(+), 1 deletion(-)

📄 Your master SEO report has been generated and pushed to GitHub!
============================================================
          AYODHYA DHARSHAN AUTOMATED SEO LAUNCHER          
============================================================
============================================================
        STARTING AUTOMATED DAILY SEO ENGINE CHECKUP        
============================================================

[Step 1/3] Optimizing & Geotagging Images...
✅ Image optimization complete. Optimized 0 new images.

[Step 2/3] Checking Google Keyword positions...
Checking keyword ranks on Google...
  🔍 Checking rank for: 'Delhi to Ayodhya tour package'...
  ⚠️ Error fetching search results for 'Delhi to Ayodhya tour package': <urlopen error [Errno 8] nodename nor servname provided, or not known>
    ➡️ Blocked/Error
  🔍 Checking rank for: 'Mumbai to Ayodhya tour package'...
  ⚠️ Error fetching search results for 'Mumbai to Ayodhya tour package': <urlopen error [Errno 8] nodename nor servname provided, or not known>
    ➡️ Blocked/Error
  🔍 Checking rank for: 'Ahmedabad to Ayodhya tour package'...
  ⚠️ Error fetching search results for 'Ahmedabad to Ayodhya tour package': <urlopen error [Errno 8] nodename nor servname provided, or not known>
    ➡️ Blocked/Error
  🔍 Checking rank for: 'ayodhya to varanasi distance'...
  ⚠️ Error fetching search results for 'ayodhya to varanasi distance': <urlopen error [Errno 8] nodename nor servname provided, or not known>
    ➡️ Blocked/Error
  🔍 Checking rank for: 'lucknow to ayodhya same day tour'...
  ⚠️ Error fetching search results for 'lucknow to ayodhya same day tour': <urlopen error [Errno 8] nodename nor servname provided, or not known>
    ➡️ Blocked/Error
✅ Ranks updated in: /Users/rishabhjaiswal/ayodhya-darshan/seo_rank_history.csv

[Step 3/3] Auditing HTML Files & Schemas...
Scanning 52 HTML files for SEO health...
✨ Master health report written to: /Users/rishabhjaiswal/ayodhya-darshan/seo_health_report.md

============================================================
                  ALL AUTOMATED SEO TASKS DONE                  
============================================================
🚀 Starting Auto-Push to GitHub...
[main a630f19] Auto-update: Daily SEO rankings, health report, and optimized assets
 Committer: Rishabh Jaiswal <rishabhjaiswal@Rishabhs-MacBook-Pro-2.local>
Your name and email address were configured automatically based
on your username and hostname. Please check that they are accurate.
You can suppress this message by setting them explicitly. Run the
following command and follow the instructions in your editor to edit
your configuration file:

    git config --global --edit

After doing this, you may fix the identity used for this commit with:

    git commit --amend --reset-author

 2 files changed, 6 insertions(+), 1 deletion(-)

📄 Your master SEO report has been generated and pushed to GitHub!
============================================================
          AYODHYA DHARSHAN AUTOMATED SEO LAUNCHER          
============================================================
============================================================
        STARTING AUTOMATED DAILY SEO ENGINE CHECKUP        
============================================================

[Step 1/3] Optimizing & Geotagging Images...
✅ Image optimization complete. Optimized 0 new images.

[Step 2/3] Checking Google Keyword positions...
Checking keyword ranks on Google...
  🔍 Checking rank for: 'Delhi to Ayodhya tour package'...
  ⚠️ Error fetching search results for 'Delhi to Ayodhya tour package': <urlopen error [Errno 8] nodename nor servname provided, or not known>
    ➡️ Blocked/Error
  🔍 Checking rank for: 'Mumbai to Ayodhya tour package'...
  ⚠️ Error fetching search results for 'Mumbai to Ayodhya tour package': <urlopen error [Errno 8] nodename nor servname provided, or not known>
    ➡️ Blocked/Error
  🔍 Checking rank for: 'Ahmedabad to Ayodhya tour package'...
  ⚠️ Error fetching search results for 'Ahmedabad to Ayodhya tour package': <urlopen error [Errno 8] nodename nor servname provided, or not known>
    ➡️ Blocked/Error
  🔍 Checking rank for: 'ayodhya to varanasi distance'...
  ⚠️ Error fetching search results for 'ayodhya to varanasi distance': <urlopen error [Errno 8] nodename nor servname provided, or not known>
    ➡️ Blocked/Error
  🔍 Checking rank for: 'lucknow to ayodhya same day tour'...
  ⚠️ Error fetching search results for 'lucknow to ayodhya same day tour': <urlopen error [Errno 8] nodename nor servname provided, or not known>
    ➡️ Blocked/Error
✅ Ranks updated in: /Users/rishabhjaiswal/ayodhya-darshan/seo_rank_history.csv

[Step 3/3] Auditing HTML Files & Schemas...
Scanning 53 HTML files for SEO health...
✨ Master health report written to: /Users/rishabhjaiswal/ayodhya-darshan/seo_health_report.md

============================================================
                  ALL AUTOMATED SEO TASKS DONE                  
============================================================
🚀 Starting Auto-Push to GitHub...
[main cf35ee7] Auto-update: Daily SEO rankings, health report, and optimized assets
 Committer: Rishabh Jaiswal <rishabhjaiswal@Rishabhs-MacBook-Pro-2.local>
Your name and email address were configured automatically based
on your username and hostname. Please check that they are accurate.
You can suppress this message by setting them explicitly. Run the
following command and follow the instructions in your editor to edit
your configuration file:

    git config --global --edit

After doing this, you may fix the identity used for this commit with:

    git commit --amend --reset-author

 2 files changed, 6 insertions(+), 1 deletion(-)

📄 Your master SEO report has been generated and pushed to GitHub!
============================================================
          AYODHYA DHARSHAN AUTOMATED SEO LAUNCHER          
============================================================
============================================================
        STARTING AUTOMATED DAILY SEO ENGINE CHECKUP        
============================================================

[Step 1/3] Optimizing & Geotagging Images...
✅ Image optimization complete. Optimized 0 new images.

[Step 2/3] Checking Google Keyword positions...
Checking keyword ranks on Google...
  🔍 Checking rank for: 'Delhi to Ayodhya tour package'...
  ⚠️ Error fetching search results for 'Delhi to Ayodhya tour package': <urlopen error [Errno 8] nodename nor servname provided, or not known>
    ➡️ Blocked/Error
  🔍 Checking rank for: 'Mumbai to Ayodhya tour package'...
  ⚠️ Error fetching search results for 'Mumbai to Ayodhya tour package': <urlopen error [Errno 8] nodename nor servname provided, or not known>
    ➡️ Blocked/Error
  🔍 Checking rank for: 'Ahmedabad to Ayodhya tour package'...
    ➡️ Not in top 50
  🔍 Checking rank for: 'ayodhya to varanasi distance'...
    ➡️ Not in top 50
  🔍 Checking rank for: 'lucknow to ayodhya same day tour'...
    ➡️ Not in top 50
✅ Ranks updated in: /Users/rishabhjaiswal/ayodhya-darshan/seo_rank_history.csv

[Step 3/3] Auditing HTML Files & Schemas...
Scanning 52 HTML files for SEO health...
✨ Master health report written to: /Users/rishabhjaiswal/ayodhya-darshan/seo_health_report.md

============================================================
                  ALL AUTOMATED SEO TASKS DONE                  
============================================================
🚀 Starting Auto-Push to GitHub...
[main 9f751ec] Auto-update: Daily SEO rankings, health report, and optimized assets
 Committer: Rishabh Jaiswal <rishabhjaiswal@Rishabhs-MacBook-Pro-2.local>
Your name and email address were configured automatically based
on your username and hostname. Please check that they are accurate.
You can suppress this message by setting them explicitly. Run the
following command and follow the instructions in your editor to edit
your configuration file:

    git config --global --edit

After doing this, you may fix the identity used for this commit with:

    git commit --amend --reset-author

 2 files changed, 6 insertions(+), 1 deletion(-)

📄 Your master SEO report has been generated and pushed to GitHub!
============================================================
          AYODHYA DHARSHAN AUTOMATED SEO LAUNCHER          
============================================================
============================================================
        STARTING AUTOMATED DAILY SEO ENGINE CHECKUP        
============================================================

[Step 1/3] Optimizing & Geotagging Images...
✅ Image optimization complete. Optimized 0 new images.

[Step 2/3] Checking Google Keyword positions...
Checking keyword ranks on Google...
  🔍 Checking rank for: 'Delhi to Ayodhya tour package'...
  ⚠️ Error fetching search results for 'Delhi to Ayodhya tour package': <urlopen error [Errno 8] nodename nor servname provided, or not known>
    ➡️ Blocked/Error
  🔍 Checking rank for: 'Mumbai to Ayodhya tour package'...
  ⚠️ Error fetching search results for 'Mumbai to Ayodhya tour package': <urlopen error [Errno 8] nodename nor servname provided, or not known>
    ➡️ Blocked/Error
  🔍 Checking rank for: 'Ahmedabad to Ayodhya tour package'...
  ⚠️ Error fetching search results for 'Ahmedabad to Ayodhya tour package': <urlopen error [Errno 8] nodename nor servname provided, or not known>
    ➡️ Blocked/Error
  🔍 Checking rank for: 'ayodhya to varanasi distance'...
  ⚠️ Error fetching search results for 'ayodhya to varanasi distance': <urlopen error [Errno 8] nodename nor servname provided, or not known>
    ➡️ Blocked/Error
  🔍 Checking rank for: 'lucknow to ayodhya same day tour'...
  ⚠️ Error fetching search results for 'lucknow to ayodhya same day tour': <urlopen error [Errno 8] nodename nor servname provided, or not known>
    ➡️ Blocked/Error
✅ Ranks updated in: /Users/rishabhjaiswal/ayodhya-darshan/seo_rank_history.csv

[Step 3/3] Auditing HTML Files & Schemas...
Scanning 52 HTML files for SEO health...
✨ Master health report written to: /Users/rishabhjaiswal/ayodhya-darshan/seo_health_report.md

============================================================
                  ALL AUTOMATED SEO TASKS DONE                  
============================================================
🚀 Starting Auto-Push to GitHub...
[main 1914563] Auto-update: Daily SEO rankings, health report, and optimized assets
 Committer: Rishabh Jaiswal <rishabhjaiswal@Rishabhs-MacBook-Pro-2.local>
Your name and email address were configured automatically based
on your username and hostname. Please check that they are accurate.
You can suppress this message by setting them explicitly. Run the
following command and follow the instructions in your editor to edit
your configuration file:

    git config --global --edit

After doing this, you may fix the identity used for this commit with:

    git commit --amend --reset-author

 2 files changed, 6 insertions(+), 1 deletion(-)

📄 Your master SEO report has been generated and pushed to GitHub!
============================================================
          AYODHYA DHARSHAN AUTOMATED SEO LAUNCHER          
============================================================
============================================================
        STARTING AUTOMATED DAILY SEO ENGINE CHECKUP        
============================================================

[Step 1/3] Optimizing & Geotagging Images...
✅ Image optimization complete. Optimized 0 new images.

[Step 2/3] Checking Google Keyword positions...
Checking keyword ranks on Google...
  🔍 Checking rank for: 'Delhi to Ayodhya tour package'...
  ⚠️ Error fetching search results for 'Delhi to Ayodhya tour package': <urlopen error [Errno 8] nodename nor servname provided, or not known>
    ➡️ Blocked/Error
  🔍 Checking rank for: 'Mumbai to Ayodhya tour package'...
  ⚠️ Error fetching search results for 'Mumbai to Ayodhya tour package': <urlopen error [Errno 8] nodename nor servname provided, or not known>
    ➡️ Blocked/Error
  🔍 Checking rank for: 'Ahmedabad to Ayodhya tour package'...
  ⚠️ Error fetching search results for 'Ahmedabad to Ayodhya tour package': <urlopen error [Errno 8] nodename nor servname provided, or not known>
    ➡️ Blocked/Error
  🔍 Checking rank for: 'ayodhya to varanasi distance'...
  ⚠️ Error fetching search results for 'ayodhya to varanasi distance': <urlopen error [Errno 8] nodename nor servname provided, or not known>
    ➡️ Blocked/Error
  🔍 Checking rank for: 'lucknow to ayodhya same day tour'...
    ➡️ Not in top 50
✅ Ranks updated in: /Users/rishabhjaiswal/ayodhya-darshan/seo_rank_history.csv

[Step 3/3] Auditing HTML Files & Schemas...
Scanning 52 HTML files for SEO health...
✨ Master health report written to: /Users/rishabhjaiswal/ayodhya-darshan/seo_health_report.md

============================================================
                  ALL AUTOMATED SEO TASKS DONE                  
============================================================
🚀 Starting Auto-Push to GitHub...
[main 383649a] Auto-update: Daily SEO rankings, health report, and optimized assets
 Committer: Rishabh Jaiswal <rishabhjaiswal@Rishabhs-MacBook-Pro-2.local>
Your name and email address were configured automatically based
on your username and hostname. Please check that they are accurate.
You can suppress this message by setting them explicitly. Run the
following command and follow the instructions in your editor to edit
your configuration file:

    git config --global --edit

After doing this, you may fix the identity used for this commit with:

    git commit --amend --reset-author

 2 files changed, 6 insertions(+), 1 deletion(-)

📄 Your master SEO report has been generated and pushed to GitHub!
============================================================
          AYODHYA DHARSHAN AUTOMATED SEO LAUNCHER          
============================================================
============================================================
        STARTING AUTOMATED DAILY SEO ENGINE CHECKUP        
============================================================

[Step 1/3] Optimizing & Geotagging Images...
✅ Image optimization complete. Optimized 0 new images.

[Step 2/3] Checking Google Keyword positions...
Checking keyword ranks on Google...
  🔍 Checking rank for: 'Delhi to Ayodhya tour package'...
  ⚠️ Error fetching search results for 'Delhi to Ayodhya tour package': <urlopen error [Errno 8] nodename nor servname provided, or not known>
    ➡️ Blocked/Error
  🔍 Checking rank for: 'Mumbai to Ayodhya tour package'...
  ⚠️ Error fetching search results for 'Mumbai to Ayodhya tour package': <urlopen error [Errno 8] nodename nor servname provided, or not known>
    ➡️ Blocked/Error
  🔍 Checking rank for: 'Ahmedabad to Ayodhya tour package'...
  ⚠️ Error fetching search results for 'Ahmedabad to Ayodhya tour package': <urlopen error [Errno 8] nodename nor servname provided, or not known>
    ➡️ Blocked/Error
  🔍 Checking rank for: 'ayodhya to varanasi distance'...
  ⚠️ Error fetching search results for 'ayodhya to varanasi distance': <urlopen error [Errno 8] nodename nor servname provided, or not known>
    ➡️ Blocked/Error
  🔍 Checking rank for: 'lucknow to ayodhya same day tour'...
  ⚠️ Error fetching search results for 'lucknow to ayodhya same day tour': <urlopen error [Errno 8] nodename nor servname provided, or not known>
    ➡️ Blocked/Error
✅ Ranks updated in: /Users/rishabhjaiswal/ayodhya-darshan/seo_rank_history.csv

[Step 3/3] Auditing HTML Files & Schemas...
Scanning 52 HTML files for SEO health...
✨ Master health report written to: /Users/rishabhjaiswal/ayodhya-darshan/seo_health_report.md

============================================================
                  ALL AUTOMATED SEO TASKS DONE                  
============================================================
🚀 Starting Auto-Push to GitHub...
[main 25db15e] Auto-update: Daily SEO rankings, health report, and optimized assets
 Committer: Rishabh Jaiswal <rishabhjaiswal@Rishabhs-MacBook-Pro-2.local>
Your name and email address were configured automatically based
on your username and hostname. Please check that they are accurate.
You can suppress this message by setting them explicitly. Run the
following command and follow the instructions in your editor to edit
your configuration file:

    git config --global --edit

After doing this, you may fix the identity used for this commit with:

    git commit --amend --reset-author

 2 files changed, 6 insertions(+), 1 deletion(-)

📄 Your master SEO report has been generated and pushed to GitHub!
============================================================
          AYODHYA DHARSHAN AUTOMATED SEO LAUNCHER          
============================================================
============================================================
        STARTING AUTOMATED DAILY SEO ENGINE CHECKUP        
============================================================

[Step 1/3] Optimizing & Geotagging Images...
✅ Image optimization complete. Optimized 0 new images.

[Step 2/3] Checking Google Keyword positions...
Checking keyword ranks on Google...
  🔍 Checking rank for: 'Delhi to Ayodhya tour package'...
  ⚠️ Error fetching search results for 'Delhi to Ayodhya tour package': <urlopen error [Errno 8] nodename nor servname provided, or not known>
    ➡️ Blocked/Error
  🔍 Checking rank for: 'Mumbai to Ayodhya tour package'...
  ⚠️ Error fetching search results for 'Mumbai to Ayodhya tour package': <urlopen error [Errno 8] nodename nor servname provided, or not known>
    ➡️ Blocked/Error
  🔍 Checking rank for: 'Ahmedabad to Ayodhya tour package'...
  ⚠️ Error fetching search results for 'Ahmedabad to Ayodhya tour package': <urlopen error [Errno 8] nodename nor servname provided, or not known>
    ➡️ Blocked/Error
  🔍 Checking rank for: 'ayodhya to varanasi distance'...
  ⚠️ Error fetching search results for 'ayodhya to varanasi distance': <urlopen error [Errno 8] nodename nor servname provided, or not known>
    ➡️ Blocked/Error
  🔍 Checking rank for: 'lucknow to ayodhya same day tour'...
  ⚠️ Error fetching search results for 'lucknow to ayodhya same day tour': <urlopen error [Errno 8] nodename nor servname provided, or not known>
    ➡️ Blocked/Error
✅ Ranks updated in: /Users/rishabhjaiswal/ayodhya-darshan/seo_rank_history.csv

[Step 3/3] Auditing HTML Files & Schemas...
Scanning 53 HTML files for SEO health...
✨ Master health report written to: /Users/rishabhjaiswal/ayodhya-darshan/seo_health_report.md

============================================================
                  ALL AUTOMATED SEO TASKS DONE                  
============================================================
🚀 Starting Auto-Push to GitHub...
[main e80ef3a] Auto-update: Daily SEO rankings, health report, and optimized assets
 Committer: Rishabh Jaiswal <rishabhjaiswal@Rishabhs-MacBook-Pro-2.local>
Your name and email address were configured automatically based
on your username and hostname. Please check that they are accurate.
You can suppress this message by setting them explicitly. Run the
following command and follow the instructions in your editor to edit
your configuration file:

    git config --global --edit

After doing this, you may fix the identity used for this commit with:

    git commit --amend --reset-author

 2 files changed, 6 insertions(+), 1 deletion(-)

📄 Your master SEO report has been generated and pushed to GitHub!
============================================================
          AYODHYA DHARSHAN AUTOMATED SEO LAUNCHER          
============================================================
============================================================
        STARTING AUTOMATED DAILY SEO ENGINE CHECKUP        
============================================================

[Step 1/3] Optimizing & Geotagging Images...
✅ Image optimization complete. Optimized 0 new images.

[Step 2/3] Checking Google Keyword positions...
Checking keyword ranks on Google...
  🔍 Checking rank for: 'Delhi to Ayodhya tour package'...
  ⚠️ Error fetching search results for 'Delhi to Ayodhya tour package': <urlopen error [Errno 8] nodename nor servname provided, or not known>
    ➡️ Blocked/Error
  🔍 Checking rank for: 'Mumbai to Ayodhya tour package'...
  ⚠️ Error fetching search results for 'Mumbai to Ayodhya tour package': <urlopen error [Errno 8] nodename nor servname provided, or not known>
    ➡️ Blocked/Error
  🔍 Checking rank for: 'Ahmedabad to Ayodhya tour package'...
  ⚠️ Error fetching search results for 'Ahmedabad to Ayodhya tour package': <urlopen error [Errno 8] nodename nor servname provided, or not known>
    ➡️ Blocked/Error
  🔍 Checking rank for: 'ayodhya to varanasi distance'...
  ⚠️ Error fetching search results for 'ayodhya to varanasi distance': <urlopen error [Errno 8] nodename nor servname provided, or not known>
    ➡️ Blocked/Error
  🔍 Checking rank for: 'lucknow to ayodhya same day tour'...
  ⚠️ Error fetching search results for 'lucknow to ayodhya same day tour': <urlopen error [Errno 8] nodename nor servname provided, or not known>
    ➡️ Blocked/Error
✅ Ranks updated in: /Users/rishabhjaiswal/ayodhya-darshan/seo_rank_history.csv

[Step 3/3] Auditing HTML Files & Schemas...
Scanning 53 HTML files for SEO health...
✨ Master health report written to: /Users/rishabhjaiswal/ayodhya-darshan/seo_health_report.md

============================================================
                  ALL AUTOMATED SEO TASKS DONE                  
============================================================
🚀 Starting Auto-Push to GitHub...
[main 91a759b] Auto-update: Daily SEO rankings, health report, and optimized assets
 Committer: Rishabh Jaiswal <rishabhjaiswal@Rishabhs-MacBook-Pro-2.local>
Your name and email address were configured automatically based
on your username and hostname. Please check that they are accurate.
You can suppress this message by setting them explicitly. Run the
following command and follow the instructions in your editor to edit
your configuration file:

    git config --global --edit

After doing this, you may fix the identity used for this commit with:

    git commit --amend --reset-author

 2 files changed, 6 insertions(+), 1 deletion(-)

📄 Your master SEO report has been generated and pushed to GitHub!
============================================================
          AYODHYA DHARSHAN AUTOMATED SEO LAUNCHER          
============================================================
============================================================
        STARTING AUTOMATED DAILY SEO ENGINE CHECKUP        
============================================================

[Step 1/3] Optimizing & Geotagging Images...
✅ Image optimization complete. Optimized 0 new images.

[Step 2/3] Checking Google Keyword positions...
Checking keyword ranks on Google...
  🔍 Checking rank for: 'Delhi to Ayodhya tour package'...
  ⚠️ Error fetching search results for 'Delhi to Ayodhya tour package': <urlopen error [Errno 8] nodename nor servname provided, or not known>
    ➡️ Blocked/Error
  🔍 Checking rank for: 'Mumbai to Ayodhya tour package'...
  ⚠️ Error fetching search results for 'Mumbai to Ayodhya tour package': <urlopen error [Errno 8] nodename nor servname provided, or not known>
    ➡️ Blocked/Error
  🔍 Checking rank for: 'Ahmedabad to Ayodhya tour package'...
  ⚠️ Error fetching search results for 'Ahmedabad to Ayodhya tour package': <urlopen error [Errno 8] nodename nor servname provided, or not known>
    ➡️ Blocked/Error
  🔍 Checking rank for: 'ayodhya to varanasi distance'...
  ⚠️ Error fetching search results for 'ayodhya to varanasi distance': <urlopen error [Errno 8] nodename nor servname provided, or not known>
    ➡️ Blocked/Error
  🔍 Checking rank for: 'lucknow to ayodhya same day tour'...
  ⚠️ Error fetching search results for 'lucknow to ayodhya same day tour': <urlopen error [Errno 8] nodename nor servname provided, or not known>
    ➡️ Blocked/Error
✅ Ranks updated in: /Users/rishabhjaiswal/ayodhya-darshan/seo_rank_history.csv

[Step 3/3] Auditing HTML Files & Schemas...
Scanning 53 HTML files for SEO health...
✨ Master health report written to: /Users/rishabhjaiswal/ayodhya-darshan/seo_health_report.md

============================================================
                  ALL AUTOMATED SEO TASKS DONE                  
============================================================
🚀 Starting Auto-Push to GitHub...
[main 10e1c94] Auto-update: Daily SEO rankings, health report, and optimized assets
 Committer: Rishabh Jaiswal <rishabhjaiswal@Rishabhs-MacBook-Pro-2.local>
Your name and email address were configured automatically based
on your username and hostname. Please check that they are accurate.
You can suppress this message by setting them explicitly. Run the
following command and follow the instructions in your editor to edit
your configuration file:

    git config --global --edit

After doing this, you may fix the identity used for this commit with:

    git commit --amend --reset-author

 2 files changed, 6 insertions(+), 1 deletion(-)

📄 Your master SEO report has been generated and pushed to GitHub!
============================================================
          AYODHYA DHARSHAN AUTOMATED SEO LAUNCHER          
============================================================
============================================================
        STARTING AUTOMATED DAILY SEO ENGINE CHECKUP        
============================================================

[Step 1/3] Optimizing & Geotagging Images...
✅ Image optimization complete. Optimized 0 new images.

[Step 2/3] Checking Google Keyword positions...
Checking keyword ranks on Google...
  🔍 Checking rank for: 'Delhi to Ayodhya tour package'...
  ⚠️ Error fetching search results for 'Delhi to Ayodhya tour package': <urlopen error [Errno 8] nodename nor servname provided, or not known>
    ➡️ Blocked/Error
  🔍 Checking rank for: 'Mumbai to Ayodhya tour package'...
  ⚠️ Error fetching search results for 'Mumbai to Ayodhya tour package': <urlopen error [Errno 8] nodename nor servname provided, or not known>
    ➡️ Blocked/Error
  🔍 Checking rank for: 'Ahmedabad to Ayodhya tour package'...
  ⚠️ Error fetching search results for 'Ahmedabad to Ayodhya tour package': <urlopen error [Errno 8] nodename nor servname provided, or not known>
    ➡️ Blocked/Error
  🔍 Checking rank for: 'ayodhya to varanasi distance'...
  ⚠️ Error fetching search results for 'ayodhya to varanasi distance': <urlopen error [Errno 8] nodename nor servname provided, or not known>
    ➡️ Blocked/Error
  🔍 Checking rank for: 'lucknow to ayodhya same day tour'...
  ⚠️ Error fetching search results for 'lucknow to ayodhya same day tour': <urlopen error [Errno 8] nodename nor servname provided, or not known>
    ➡️ Blocked/Error
✅ Ranks updated in: /Users/rishabhjaiswal/ayodhya-darshan/seo_rank_history.csv

[Step 3/3] Auditing HTML Files & Schemas...
Scanning 53 HTML files for SEO health...
✨ Master health report written to: /Users/rishabhjaiswal/ayodhya-darshan/seo_health_report.md

============================================================
                  ALL AUTOMATED SEO TASKS DONE                  
============================================================
🚀 Starting Auto-Push to GitHub...
[main b725e69] Auto-update: Daily SEO rankings, health report, and optimized assets
 Committer: Rishabh Jaiswal <rishabhjaiswal@Rishabhs-MacBook-Pro-2.local>
Your name and email address were configured automatically based
on your username and hostname. Please check that they are accurate.
You can suppress this message by setting them explicitly. Run the
following command and follow the instructions in your editor to edit
your configuration file:

    git config --global --edit

After doing this, you may fix the identity used for this commit with:

    git commit --amend --reset-author

 2 files changed, 6 insertions(+), 1 deletion(-)

📄 Your master SEO report has been generated and pushed to GitHub!
============================================================
          AYODHYA DHARSHAN AUTOMATED SEO LAUNCHER          
============================================================
============================================================
        STARTING AUTOMATED DAILY SEO ENGINE CHECKUP        
============================================================

[Step 1/3] Optimizing & Geotagging Images...
✅ Image optimization complete. Optimized 0 new images.

[Step 2/3] Checking Google Keyword positions...
Checking keyword ranks on Google...
  🔍 Checking rank for: 'Delhi to Ayodhya tour package'...
  ⚠️ Error fetching search results for 'Delhi to Ayodhya tour package': <urlopen error [Errno 8] nodename nor servname provided, or not known>
    ➡️ Blocked/Error
  🔍 Checking rank for: 'Mumbai to Ayodhya tour package'...
  ⚠️ Error fetching search results for 'Mumbai to Ayodhya tour package': <urlopen error [Errno 8] nodename nor servname provided, or not known>
    ➡️ Blocked/Error
  🔍 Checking rank for: 'Ahmedabad to Ayodhya tour package'...
  ⚠️ Error fetching search results for 'Ahmedabad to Ayodhya tour package': <urlopen error [Errno 8] nodename nor servname provided, or not known>
    ➡️ Blocked/Error
  🔍 Checking rank for: 'ayodhya to varanasi distance'...
  ⚠️ Error fetching search results for 'ayodhya to varanasi distance': <urlopen error [Errno 8] nodename nor servname provided, or not known>
    ➡️ Blocked/Error
  🔍 Checking rank for: 'lucknow to ayodhya same day tour'...
  ⚠️ Error fetching search results for 'lucknow to ayodhya same day tour': <urlopen error [Errno 8] nodename nor servname provided, or not known>
    ➡️ Blocked/Error
✅ Ranks updated in: /Users/rishabhjaiswal/ayodhya-darshan/seo_rank_history.csv

[Step 3/3] Auditing HTML Files & Schemas...
Scanning 53 HTML files for SEO health...
✨ Master health report written to: /Users/rishabhjaiswal/ayodhya-darshan/seo_health_report.md

============================================================
                  ALL AUTOMATED SEO TASKS DONE                  
============================================================
🚀 Starting Auto-Push to GitHub...
[main 398758d] Auto-update: Daily SEO rankings, health report, and optimized assets
 Committer: Rishabh Jaiswal <rishabhjaiswal@Rishabhs-MacBook-Pro-2.local>
Your name and email address were configured automatically based
on your username and hostname. Please check that they are accurate.
You can suppress this message by setting them explicitly. Run the
following command and follow the instructions in your editor to edit
your configuration file:

    git config --global --edit

After doing this, you may fix the identity used for this commit with:

    git commit --amend --reset-author

 2 files changed, 6 insertions(+), 1 deletion(-)

📄 Your master SEO report has been generated and pushed to GitHub!
============================================================
          AYODHYA DHARSHAN AUTOMATED SEO LAUNCHER          
============================================================
============================================================
        STARTING AUTOMATED DAILY SEO ENGINE CHECKUP        
============================================================

[Step 1/3] Optimizing & Geotagging Images...
✅ Image optimization complete. Optimized 0 new images.

[Step 2/3] Checking Google Keyword positions...
Checking keyword ranks on Google...
  🔍 Checking rank for: 'Delhi to Ayodhya tour package'...
  ⚠️ Error fetching search results for 'Delhi to Ayodhya tour package': <urlopen error [Errno 8] nodename nor servname provided, or not known>
    ➡️ Blocked/Error
  🔍 Checking rank for: 'Mumbai to Ayodhya tour package'...
  ⚠️ Error fetching search results for 'Mumbai to Ayodhya tour package': <urlopen error [Errno 8] nodename nor servname provided, or not known>
    ➡️ Blocked/Error
  🔍 Checking rank for: 'Ahmedabad to Ayodhya tour package'...
  ⚠️ Error fetching search results for 'Ahmedabad to Ayodhya tour package': <urlopen error [Errno 8] nodename nor servname provided, or not known>
    ➡️ Blocked/Error
  🔍 Checking rank for: 'ayodhya to varanasi distance'...
  ⚠️ Error fetching search results for 'ayodhya to varanasi distance': <urlopen error [Errno 8] nodename nor servname provided, or not known>
    ➡️ Blocked/Error
  🔍 Checking rank for: 'lucknow to ayodhya same day tour'...
  ⚠️ Error fetching search results for 'lucknow to ayodhya same day tour': <urlopen error [Errno 8] nodename nor servname provided, or not known>
    ➡️ Blocked/Error
✅ Ranks updated in: /Users/rishabhjaiswal/ayodhya-darshan/seo_rank_history.csv

[Step 3/3] Auditing HTML Files & Schemas...
Scanning 53 HTML files for SEO health...
✨ Master health report written to: /Users/rishabhjaiswal/ayodhya-darshan/seo_health_report.md

============================================================
                  ALL AUTOMATED SEO TASKS DONE                  
============================================================
🚀 Starting Auto-Push to GitHub...
[main 543017a] Auto-update: Daily SEO rankings, health report, and optimized assets
 Committer: Rishabh Jaiswal <rishabhjaiswal@Rishabhs-MacBook-Pro-2.local>
Your name and email address were configured automatically based
on your username and hostname. Please check that they are accurate.
You can suppress this message by setting them explicitly. Run the
following command and follow the instructions in your editor to edit
your configuration file:

    git config --global --edit

After doing this, you may fix the identity used for this commit with:

    git commit --amend --reset-author

 2 files changed, 6 insertions(+), 1 deletion(-)

📄 Your master SEO report has been generated and pushed to GitHub!
============================================================
          AYODHYA DHARSHAN AUTOMATED SEO LAUNCHER          
============================================================
============================================================
        STARTING AUTOMATED DAILY SEO ENGINE CHECKUP        
============================================================

[Step 1/3] Optimizing & Geotagging Images...
✅ Image optimization complete. Optimized 0 new images.

[Step 2/3] Checking Google Keyword positions...
Checking keyword ranks on Google...
  🔍 Checking rank for: 'Delhi to Ayodhya tour package'...
  ⚠️ Error fetching search results for 'Delhi to Ayodhya tour package': <urlopen error [Errno 8] nodename nor servname provided, or not known>
    ➡️ Blocked/Error
  🔍 Checking rank for: 'Mumbai to Ayodhya tour package'...
  ⚠️ Error fetching search results for 'Mumbai to Ayodhya tour package': <urlopen error [Errno 8] nodename nor servname provided, or not known>
    ➡️ Blocked/Error
  🔍 Checking rank for: 'Ahmedabad to Ayodhya tour package'...
  ⚠️ Error fetching search results for 'Ahmedabad to Ayodhya tour package': <urlopen error [Errno 8] nodename nor servname provided, or not known>
    ➡️ Blocked/Error
  🔍 Checking rank for: 'ayodhya to varanasi distance'...
  ⚠️ Error fetching search results for 'ayodhya to varanasi distance': <urlopen error [Errno 8] nodename nor servname provided, or not known>
    ➡️ Blocked/Error
  🔍 Checking rank for: 'lucknow to ayodhya same day tour'...
  ⚠️ Error fetching search results for 'lucknow to ayodhya same day tour': <urlopen error [Errno 8] nodename nor servname provided, or not known>
    ➡️ Blocked/Error
✅ Ranks updated in: /Users/rishabhjaiswal/ayodhya-darshan/seo_rank_history.csv

[Step 3/3] Auditing HTML Files & Schemas...
Scanning 53 HTML files for SEO health...
✨ Master health report written to: /Users/rishabhjaiswal/ayodhya-darshan/seo_health_report.md

============================================================
                  ALL AUTOMATED SEO TASKS DONE                  
============================================================
🚀 Starting Auto-Push to GitHub...
[main f969486] Auto-update: Daily SEO rankings, health report, and optimized assets
 Committer: Rishabh Jaiswal <rishabhjaiswal@Rishabhs-MacBook-Pro-2.local>
Your name and email address were configured automatically based
on your username and hostname. Please check that they are accurate.
You can suppress this message by setting them explicitly. Run the
following command and follow the instructions in your editor to edit
your configuration file:

    git config --global --edit

After doing this, you may fix the identity used for this commit with:

    git commit --amend --reset-author

 2 files changed, 6 insertions(+), 1 deletion(-)

📄 Your master SEO report has been generated and pushed to GitHub!
============================================================
          AYODHYA DHARSHAN AUTOMATED SEO LAUNCHER          
============================================================
============================================================
        STARTING AUTOMATED DAILY SEO ENGINE CHECKUP        
============================================================

[Step 1/3] Optimizing & Geotagging Images...
✅ Image optimization complete. Optimized 0 new images.

[Step 2/3] Checking Google Keyword positions...
Checking keyword ranks on Google...
  🔍 Checking rank for: 'Delhi to Ayodhya tour package'...
    ➡️ Not in top 50
  🔍 Checking rank for: 'Mumbai to Ayodhya tour package'...
    ➡️ Not in top 50
  🔍 Checking rank for: 'Ahmedabad to Ayodhya tour package'...
    ➡️ Not in top 50
  🔍 Checking rank for: 'ayodhya to varanasi distance'...
    ➡️ Not in top 50
  🔍 Checking rank for: 'lucknow to ayodhya same day tour'...
    ➡️ Not in top 50
✅ Ranks updated in: /Users/rishabhjaiswal/ayodhya-darshan/seo_rank_history.csv

[Step 3/3] Auditing HTML Files & Schemas...
Scanning 53 HTML files for SEO health...
✨ Master health report written to: /Users/rishabhjaiswal/ayodhya-darshan/seo_health_report.md

============================================================
                  ALL AUTOMATED SEO TASKS DONE                  
============================================================
🚀 Starting Auto-Push to GitHub...
[main 2a2abbe] Auto-update: Daily SEO rankings, health report, and optimized assets
 Committer: Rishabh Jaiswal <rishabhjaiswal@Rishabhs-MacBook-Pro-2.local>
Your name and email address were configured automatically based
on your username and hostname. Please check that they are accurate.
You can suppress this message by setting them explicitly. Run the
following command and follow the instructions in your editor to edit
your configuration file:

    git config --global --edit

After doing this, you may fix the identity used for this commit with:

    git commit --amend --reset-author

 2 files changed, 6 insertions(+), 1 deletion(-)

📄 Your master SEO report has been generated and pushed to GitHub!
============================================================
          AYODHYA DHARSHAN AUTOMATED SEO LAUNCHER          
============================================================
============================================================
        STARTING AUTOMATED DAILY SEO ENGINE CHECKUP        
============================================================

[Step 1/3] Optimizing & Geotagging Images...
✅ Image optimization complete. Optimized 0 new images.

[Step 2/3] Checking Google Keyword positions...
Checking keyword ranks on Google...
  🔍 Checking rank for: 'Delhi to Ayodhya tour package'...
    ➡️ Not in top 50
  🔍 Checking rank for: 'Mumbai to Ayodhya tour package'...
    ➡️ Not in top 50
  🔍 Checking rank for: 'Ahmedabad to Ayodhya tour package'...
    ➡️ Not in top 50
  🔍 Checking rank for: 'ayodhya to varanasi distance'...
    ➡️ Not in top 50
  🔍 Checking rank for: 'lucknow to ayodhya same day tour'...
    ➡️ Not in top 50
✅ Ranks updated in: /Users/rishabhjaiswal/ayodhya-darshan/seo_rank_history.csv

[Step 3/3] Auditing HTML Files & Schemas...
Scanning 53 HTML files for SEO health...
✨ Master health report written to: /Users/rishabhjaiswal/ayodhya-darshan/seo_health_report.md

============================================================
                  ALL AUTOMATED SEO TASKS DONE                  
============================================================
🚀 Starting Auto-Push to GitHub...
[main f195151] Auto-update: Daily SEO rankings, health report, and optimized assets
 Committer: Rishabh Jaiswal <rishabhjaiswal@Rishabhs-MacBook-Pro-2.local>
Your name and email address were configured automatically based
on your username and hostname. Please check that they are accurate.
You can suppress this message by setting them explicitly. Run the
following command and follow the instructions in your editor to edit
your configuration file:

    git config --global --edit

After doing this, you may fix the identity used for this commit with:

    git commit --amend --reset-author

 2 files changed, 6 insertions(+), 1 deletion(-)

📄 Your master SEO report has been generated and pushed to GitHub!
============================================================
          AYODHYA DHARSHAN AUTOMATED SEO LAUNCHER          
============================================================
============================================================
        STARTING AUTOMATED DAILY SEO ENGINE CHECKUP        
============================================================

[Step 1/3] Optimizing & Geotagging Images...
✅ Image optimization complete. Optimized 0 new images.

[Step 2/3] Checking Google Keyword positions...
Checking keyword ranks on Google...
  🔍 Checking rank for: 'Delhi to Ayodhya tour package'...
    ➡️ Not in top 50
  🔍 Checking rank for: 'Mumbai to Ayodhya tour package'...
    ➡️ Not in top 50
  🔍 Checking rank for: 'Ahmedabad to Ayodhya tour package'...
    ➡️ Not in top 50
  🔍 Checking rank for: 'ayodhya to varanasi distance'...
    ➡️ Not in top 50
  🔍 Checking rank for: 'lucknow to ayodhya same day tour'...
    ➡️ Not in top 50
✅ Ranks updated in: /Users/rishabhjaiswal/ayodhya-darshan/seo_rank_history.csv

[Step 3/3] Auditing HTML Files & Schemas...
Scanning 53 HTML files for SEO health...
✨ Master health report written to: /Users/rishabhjaiswal/ayodhya-darshan/seo_health_report.md

============================================================
                  ALL AUTOMATED SEO TASKS DONE                  
============================================================
🚀 Starting Auto-Push to GitHub...
[main 9706b45] Auto-update: Daily SEO rankings, health report, and optimized assets
 Committer: Rishabh Jaiswal <rishabhjaiswal@Rishabhs-MacBook-Pro-2.local>
Your name and email address were configured automatically based
on your username and hostname. Please check that they are accurate.
You can suppress this message by setting them explicitly. Run the
following command and follow the instructions in your editor to edit
your configuration file:

    git config --global --edit

After doing this, you may fix the identity used for this commit with:

    git commit --amend --reset-author

 2 files changed, 6 insertions(+), 1 deletion(-)

📄 Your master SEO report has been generated and pushed to GitHub!
============================================================
          AYODHYA DHARSHAN AUTOMATED SEO LAUNCHER          
============================================================
============================================================
        STARTING AUTOMATED DAILY SEO ENGINE CHECKUP        
============================================================

[Step 1/3] Optimizing & Geotagging Images...
✅ Image optimization complete. Optimized 0 new images.

[Step 2/3] Checking Google Keyword positions...
Checking keyword ranks on Google...
  🔍 Checking rank for: 'Delhi to Ayodhya tour package'...
  ⚠️ Error fetching search results for 'Delhi to Ayodhya tour package': <urlopen error [Errno 8] nodename nor servname provided, or not known>
    ➡️ Blocked/Error
  🔍 Checking rank for: 'Mumbai to Ayodhya tour package'...
  ⚠️ Error fetching search results for 'Mumbai to Ayodhya tour package': <urlopen error [Errno 8] nodename nor servname provided, or not known>
    ➡️ Blocked/Error
  🔍 Checking rank for: 'Ahmedabad to Ayodhya tour package'...
  ⚠️ Error fetching search results for 'Ahmedabad to Ayodhya tour package': <urlopen error [Errno 8] nodename nor servname provided, or not known>
    ➡️ Blocked/Error
  🔍 Checking rank for: 'ayodhya to varanasi distance'...
  ⚠️ Error fetching search results for 'ayodhya to varanasi distance': <urlopen error [Errno 8] nodename nor servname provided, or not known>
    ➡️ Blocked/Error
  🔍 Checking rank for: 'lucknow to ayodhya same day tour'...
  ⚠️ Error fetching search results for 'lucknow to ayodhya same day tour': <urlopen error [Errno 8] nodename nor servname provided, or not known>
    ➡️ Blocked/Error
✅ Ranks updated in: /Users/rishabhjaiswal/ayodhya-darshan/seo_rank_history.csv

[Step 3/3] Auditing HTML Files & Schemas...
Scanning 53 HTML files for SEO health...
✨ Master health report written to: /Users/rishabhjaiswal/ayodhya-darshan/seo_health_report.md

============================================================
                  ALL AUTOMATED SEO TASKS DONE                  
============================================================
🚀 Starting Auto-Push to GitHub...
[main 5821ac8] Auto-update: Daily SEO rankings, health report, and optimized assets
 Committer: Rishabh Jaiswal <rishabhjaiswal@Rishabhs-MacBook-Pro-2.local>
Your name and email address were configured automatically based
on your username and hostname. Please check that they are accurate.
You can suppress this message by setting them explicitly. Run the
following command and follow the instructions in your editor to edit
your configuration file:

    git config --global --edit

After doing this, you may fix the identity used for this commit with:

    git commit --amend --reset-author

 2 files changed, 6 insertions(+), 1 deletion(-)

📄 Your master SEO report has been generated and pushed to GitHub!
============================================================
          AYODHYA DHARSHAN AUTOMATED SEO LAUNCHER          
============================================================
============================================================
        STARTING AUTOMATED DAILY SEO ENGINE CHECKUP        
============================================================

[Step 1/3] Optimizing & Geotagging Images...
✅ Image optimization complete. Optimized 0 new images.

[Step 2/3] Checking Google Keyword positions...
Checking keyword ranks on Google...
  🔍 Checking rank for: 'Delhi to Ayodhya tour package'...
    ➡️ Not in top 50
  🔍 Checking rank for: 'Mumbai to Ayodhya tour package'...
    ➡️ Not in top 50
  🔍 Checking rank for: 'Ahmedabad to Ayodhya tour package'...
    ➡️ Not in top 50
  🔍 Checking rank for: 'ayodhya to varanasi distance'...
    ➡️ Not in top 50
  🔍 Checking rank for: 'lucknow to ayodhya same day tour'...
    ➡️ Not in top 50
✅ Ranks updated in: /Users/rishabhjaiswal/ayodhya-darshan/seo_rank_history.csv

[Step 3/3] Auditing HTML Files & Schemas...
Scanning 53 HTML files for SEO health...
✨ Master health report written to: /Users/rishabhjaiswal/ayodhya-darshan/seo_health_report.md

============================================================
                  ALL AUTOMATED SEO TASKS DONE                  
============================================================
🚀 Starting Auto-Push to GitHub...
[main de915d0] Auto-update: Daily SEO rankings, health report, and optimized assets
 Committer: Rishabh Jaiswal <rishabhjaiswal@Rishabhs-MacBook-Pro-2.local>
Your name and email address were configured automatically based
on your username and hostname. Please check that they are accurate.
You can suppress this message by setting them explicitly. Run the
following command and follow the instructions in your editor to edit
your configuration file:

    git config --global --edit

After doing this, you may fix the identity used for this commit with:

    git commit --amend --reset-author

 2 files changed, 6 insertions(+), 1 deletion(-)

📄 Your master SEO report has been generated and pushed to GitHub!
============================================================
          AYODHYA DHARSHAN AUTOMATED SEO LAUNCHER          
============================================================
============================================================
        STARTING AUTOMATED DAILY SEO ENGINE CHECKUP        
============================================================

[Step 1/3] Optimizing & Geotagging Images...
✅ Image optimization complete. Optimized 0 new images.

[Step 2/3] Checking Google Keyword positions...
Checking keyword ranks on Google...
  🔍 Checking rank for: 'Delhi to Ayodhya tour package'...
    ➡️ Not in top 50
  🔍 Checking rank for: 'Mumbai to Ayodhya tour package'...
    ➡️ Not in top 50
  🔍 Checking rank for: 'Ahmedabad to Ayodhya tour package'...
    ➡️ Not in top 50
  🔍 Checking rank for: 'ayodhya to varanasi distance'...
    ➡️ Not in top 50
  🔍 Checking rank for: 'lucknow to ayodhya same day tour'...
    ➡️ Not in top 50
✅ Ranks updated in: /Users/rishabhjaiswal/ayodhya-darshan/seo_rank_history.csv

[Step 3/3] Auditing HTML Files & Schemas...
Scanning 57 HTML files for SEO health...
✨ Master health report written to: /Users/rishabhjaiswal/ayodhya-darshan/seo_health_report.md

============================================================
                  ALL AUTOMATED SEO TASKS DONE                  
============================================================
🚀 Starting Auto-Push to GitHub...
[main 2e57da9] Auto-update: Daily SEO rankings, health report, and optimized assets
 Committer: Rishabh Jaiswal <rishabhjaiswal@Rishabhs-MacBook-Pro-2.local>
Your name and email address were configured automatically based
on your username and hostname. Please check that they are accurate.
You can suppress this message by setting them explicitly. Run the
following command and follow the instructions in your editor to edit
your configuration file:

    git config --global --edit

After doing this, you may fix the identity used for this commit with:

    git commit --amend --reset-author

 2 files changed, 6 insertions(+), 1 deletion(-)

📄 Your master SEO report has been generated and pushed to GitHub!
============================================================
          AYODHYA DHARSHAN AUTOMATED SEO LAUNCHER          
============================================================
============================================================
        STARTING AUTOMATED DAILY SEO ENGINE CHECKUP        
============================================================

[Step 1/3] Optimizing & Geotagging Images...
✅ Image optimization complete. Optimized 0 new images.

[Step 2/3] Checking Google Keyword positions...
Checking keyword ranks on Google...
  🔍 Checking rank for: 'Delhi to Ayodhya tour package'...
  ⚠️ Error fetching search results for 'Delhi to Ayodhya tour package': <urlopen error [Errno 8] nodename nor servname provided, or not known>
    ➡️ Blocked/Error
  🔍 Checking rank for: 'Mumbai to Ayodhya tour package'...
  ⚠️ Error fetching search results for 'Mumbai to Ayodhya tour package': <urlopen error [Errno 8] nodename nor servname provided, or not known>
    ➡️ Blocked/Error
  🔍 Checking rank for: 'Ahmedabad to Ayodhya tour package'...
  ⚠️ Error fetching search results for 'Ahmedabad to Ayodhya tour package': <urlopen error [Errno 8] nodename nor servname provided, or not known>
    ➡️ Blocked/Error
  🔍 Checking rank for: 'ayodhya to varanasi distance'...
  ⚠️ Error fetching search results for 'ayodhya to varanasi distance': <urlopen error [Errno 8] nodename nor servname provided, or not known>
    ➡️ Blocked/Error
  🔍 Checking rank for: 'lucknow to ayodhya same day tour'...
  ⚠️ Error fetching search results for 'lucknow to ayodhya same day tour': <urlopen error [Errno 8] nodename nor servname provided, or not known>
    ➡️ Blocked/Error
✅ Ranks updated in: /Users/rishabhjaiswal/ayodhya-darshan/seo_rank_history.csv

[Step 3/3] Auditing HTML Files & Schemas...
Scanning 57 HTML files for SEO health...
✨ Master health report written to: /Users/rishabhjaiswal/ayodhya-darshan/seo_health_report.md

============================================================
                  ALL AUTOMATED SEO TASKS DONE                  
============================================================
🚀 Starting Auto-Push to GitHub...
[main a8960af] Auto-update: Daily SEO rankings, health report, and optimized assets
 Committer: Rishabh Jaiswal <rishabhjaiswal@Rishabhs-MacBook-Pro-2.local>
Your name and email address were configured automatically based
on your username and hostname. Please check that they are accurate.
You can suppress this message by setting them explicitly. Run the
following command and follow the instructions in your editor to edit
your configuration file:

    git config --global --edit

After doing this, you may fix the identity used for this commit with:

    git commit --amend --reset-author

 2 files changed, 6 insertions(+), 1 deletion(-)

📄 Your master SEO report has been generated and pushed to GitHub!
============================================================
          AYODHYA DHARSHAN AUTOMATED SEO LAUNCHER          
============================================================
============================================================
        STARTING AUTOMATED DAILY SEO ENGINE CHECKUP        
============================================================

[Step 1/3] Optimizing & Geotagging Images...
✅ Image optimization complete. Optimized 0 new images.

[Step 2/3] Checking Google Keyword positions...
Checking keyword ranks on Google...
  🔍 Checking rank for: 'Delhi to Ayodhya tour package'...
  ⚠️ Error fetching search results for 'Delhi to Ayodhya tour package': <urlopen error [Errno 8] nodename nor servname provided, or not known>
    ➡️ Blocked/Error
  🔍 Checking rank for: 'Mumbai to Ayodhya tour package'...
  ⚠️ Error fetching search results for 'Mumbai to Ayodhya tour package': <urlopen error [Errno 8] nodename nor servname provided, or not known>
    ➡️ Blocked/Error
  🔍 Checking rank for: 'Ahmedabad to Ayodhya tour package'...
  ⚠️ Error fetching search results for 'Ahmedabad to Ayodhya tour package': <urlopen error [Errno 8] nodename nor servname provided, or not known>
    ➡️ Blocked/Error
  🔍 Checking rank for: 'ayodhya to varanasi distance'...
  ⚠️ Error fetching search results for 'ayodhya to varanasi distance': <urlopen error [Errno 8] nodename nor servname provided, or not known>
    ➡️ Blocked/Error
  🔍 Checking rank for: 'lucknow to ayodhya same day tour'...
  ⚠️ Error fetching search results for 'lucknow to ayodhya same day tour': <urlopen error [Errno 8] nodename nor servname provided, or not known>
    ➡️ Blocked/Error
✅ Ranks updated in: /Users/rishabhjaiswal/ayodhya-darshan/seo_rank_history.csv

[Step 3/3] Auditing HTML Files & Schemas...
Scanning 57 HTML files for SEO health...
✨ Master health report written to: /Users/rishabhjaiswal/ayodhya-darshan/seo_health_report.md

============================================================
                  ALL AUTOMATED SEO TASKS DONE                  
============================================================
🚀 Starting Auto-Push to GitHub...
[main 91c101f] Auto-update: Daily SEO rankings, health report, and optimized assets
 Committer: Rishabh Jaiswal <rishabhjaiswal@Rishabhs-MacBook-Pro-2.local>
Your name and email address were configured automatically based
on your username and hostname. Please check that they are accurate.
You can suppress this message by setting them explicitly. Run the
following command and follow the instructions in your editor to edit
your configuration file:

    git config --global --edit

After doing this, you may fix the identity used for this commit with:

    git commit --amend --reset-author

 2 files changed, 6 insertions(+), 1 deletion(-)

📄 Your master SEO report has been generated and pushed to GitHub!
============================================================
          AYODHYA DHARSHAN AUTOMATED SEO LAUNCHER          
============================================================
============================================================
        STARTING AUTOMATED DAILY SEO ENGINE CHECKUP        
============================================================

[Step 1/3] Optimizing & Geotagging Images...
✅ Image optimization complete. Optimized 0 new images.

[Step 2/3] Checking Google Keyword positions...
Checking keyword ranks on Google...
  🔍 Checking rank for: 'Delhi to Ayodhya tour package'...
  ⚠️ Error fetching search results for 'Delhi to Ayodhya tour package': <urlopen error [Errno 8] nodename nor servname provided, or not known>
    ➡️ Blocked/Error
  🔍 Checking rank for: 'Mumbai to Ayodhya tour package'...
  ⚠️ Error fetching search results for 'Mumbai to Ayodhya tour package': <urlopen error [Errno 8] nodename nor servname provided, or not known>
    ➡️ Blocked/Error
  🔍 Checking rank for: 'Ahmedabad to Ayodhya tour package'...
  ⚠️ Error fetching search results for 'Ahmedabad to Ayodhya tour package': <urlopen error [Errno 8] nodename nor servname provided, or not known>
    ➡️ Blocked/Error
  🔍 Checking rank for: 'ayodhya to varanasi distance'...
  ⚠️ Error fetching search results for 'ayodhya to varanasi distance': <urlopen error [Errno 8] nodename nor servname provided, or not known>
    ➡️ Blocked/Error
  🔍 Checking rank for: 'lucknow to ayodhya same day tour'...
  ⚠️ Error fetching search results for 'lucknow to ayodhya same day tour': <urlopen error [Errno 8] nodename nor servname provided, or not known>
    ➡️ Blocked/Error
✅ Ranks updated in: /Users/rishabhjaiswal/ayodhya-darshan/seo_rank_history.csv

[Step 3/3] Auditing HTML Files & Schemas...
Scanning 57 HTML files for SEO health...
✨ Master health report written to: /Users/rishabhjaiswal/ayodhya-darshan/seo_health_report.md

============================================================
                  ALL AUTOMATED SEO TASKS DONE                  
============================================================
🚀 Starting Auto-Push to GitHub...
[main 7fe27ad] Auto-update: Daily SEO rankings, health report, and optimized assets
 Committer: Rishabh Jaiswal <rishabhjaiswal@Rishabhs-MacBook-Pro-2.local>
Your name and email address were configured automatically based
on your username and hostname. Please check that they are accurate.
You can suppress this message by setting them explicitly. Run the
following command and follow the instructions in your editor to edit
your configuration file:

    git config --global --edit

After doing this, you may fix the identity used for this commit with:

    git commit --amend --reset-author

 2 files changed, 6 insertions(+), 1 deletion(-)

📄 Your master SEO report has been generated and pushed to GitHub!
============================================================
          AYODHYA DHARSHAN AUTOMATED SEO LAUNCHER          
============================================================
============================================================
        STARTING AUTOMATED DAILY SEO ENGINE CHECKUP        
============================================================

[Step 1/3] Optimizing & Geotagging Images...
✅ Image optimization complete. Optimized 0 new images.

[Step 2/3] Checking Google Keyword positions...
Checking keyword ranks on Google...
  🔍 Checking rank for: 'Delhi to Ayodhya tour package'...
  ⚠️ Error fetching search results for 'Delhi to Ayodhya tour package': <urlopen error [Errno 8] nodename nor servname provided, or not known>
    ➡️ Blocked/Error
  🔍 Checking rank for: 'Mumbai to Ayodhya tour package'...
  ⚠️ Error fetching search results for 'Mumbai to Ayodhya tour package': <urlopen error [Errno 8] nodename nor servname provided, or not known>
    ➡️ Blocked/Error
  🔍 Checking rank for: 'Ahmedabad to Ayodhya tour package'...
  ⚠️ Error fetching search results for 'Ahmedabad to Ayodhya tour package': <urlopen error [Errno 8] nodename nor servname provided, or not known>
    ➡️ Blocked/Error
  🔍 Checking rank for: 'ayodhya to varanasi distance'...
  ⚠️ Error fetching search results for 'ayodhya to varanasi distance': <urlopen error [Errno 8] nodename nor servname provided, or not known>
    ➡️ Blocked/Error
  🔍 Checking rank for: 'lucknow to ayodhya same day tour'...
  ⚠️ Error fetching search results for 'lucknow to ayodhya same day tour': <urlopen error [Errno 8] nodename nor servname provided, or not known>
    ➡️ Blocked/Error
✅ Ranks updated in: /Users/rishabhjaiswal/ayodhya-darshan/seo_rank_history.csv

[Step 3/3] Auditing HTML Files & Schemas...
Scanning 57 HTML files for SEO health...
✨ Master health report written to: /Users/rishabhjaiswal/ayodhya-darshan/seo_health_report.md

============================================================
                  ALL AUTOMATED SEO TASKS DONE                  
============================================================
🚀 Starting Auto-Push to GitHub...
[main 7349f92] Auto-update: Daily SEO rankings, health report, and optimized assets
 Committer: Rishabh Jaiswal <rishabhjaiswal@Rishabhs-MacBook-Pro-2.local>
Your name and email address were configured automatically based
on your username and hostname. Please check that they are accurate.
You can suppress this message by setting them explicitly. Run the
following command and follow the instructions in your editor to edit
your configuration file:

    git config --global --edit

After doing this, you may fix the identity used for this commit with:

    git commit --amend --reset-author

 2 files changed, 6 insertions(+), 1 deletion(-)

📄 Your master SEO report has been generated and pushed to GitHub!
============================================================
          AYODHYA DHARSHAN AUTOMATED SEO LAUNCHER          
============================================================
============================================================
        STARTING AUTOMATED DAILY SEO ENGINE CHECKUP        
============================================================

[Step 1/3] Optimizing & Geotagging Images...
✅ Image optimization complete. Optimized 0 new images.

[Step 2/3] Checking Google Keyword positions...
Checking keyword ranks on Google...
  🔍 Checking rank for: 'Delhi to Ayodhya tour package'...
  ⚠️ Error fetching search results for 'Delhi to Ayodhya tour package': <urlopen error [Errno 8] nodename nor servname provided, or not known>
    ➡️ Blocked/Error
  🔍 Checking rank for: 'Mumbai to Ayodhya tour package'...
  ⚠️ Error fetching search results for 'Mumbai to Ayodhya tour package': <urlopen error [Errno 8] nodename nor servname provided, or not known>
    ➡️ Blocked/Error
  🔍 Checking rank for: 'Ahmedabad to Ayodhya tour package'...
  ⚠️ Error fetching search results for 'Ahmedabad to Ayodhya tour package': <urlopen error [Errno 8] nodename nor servname provided, or not known>
    ➡️ Blocked/Error
  🔍 Checking rank for: 'ayodhya to varanasi distance'...
  ⚠️ Error fetching search results for 'ayodhya to varanasi distance': <urlopen error [Errno 8] nodename nor servname provided, or not known>
    ➡️ Blocked/Error
  🔍 Checking rank for: 'lucknow to ayodhya same day tour'...
  ⚠️ Error fetching search results for 'lucknow to ayodhya same day tour': <urlopen error [Errno 8] nodename nor servname provided, or not known>
    ➡️ Blocked/Error
✅ Ranks updated in: /Users/rishabhjaiswal/ayodhya-darshan/seo_rank_history.csv

[Step 3/3] Auditing HTML Files & Schemas...
Scanning 57 HTML files for SEO health...
✨ Master health report written to: /Users/rishabhjaiswal/ayodhya-darshan/seo_health_report.md

============================================================
                  ALL AUTOMATED SEO TASKS DONE                  
============================================================
🚀 Starting Auto-Push to GitHub...
[main 97503d3] Auto-update: Daily SEO rankings, health report, and optimized assets
 Committer: Rishabh Jaiswal <rishabhjaiswal@Rishabhs-MacBook-Pro-2.local>
Your name and email address were configured automatically based
on your username and hostname. Please check that they are accurate.
You can suppress this message by setting them explicitly. Run the
following command and follow the instructions in your editor to edit
your configuration file:

    git config --global --edit

After doing this, you may fix the identity used for this commit with:

    git commit --amend --reset-author

 2 files changed, 6 insertions(+), 1 deletion(-)

📄 Your master SEO report has been generated and pushed to GitHub!
============================================================
          AYODHYA DHARSHAN AUTOMATED SEO LAUNCHER          
============================================================
============================================================
        STARTING AUTOMATED DAILY SEO ENGINE CHECKUP        
============================================================

[Step 1/3] Optimizing & Geotagging Images...
✅ Image optimization complete. Optimized 0 new images.

[Step 2/3] Checking Google Keyword positions...
Checking keyword ranks on Google...
  🔍 Checking rank for: 'Delhi to Ayodhya tour package'...
  ⚠️ Error fetching search results for 'Delhi to Ayodhya tour package': <urlopen error [Errno 8] nodename nor servname provided, or not known>
    ➡️ Blocked/Error
  🔍 Checking rank for: 'Mumbai to Ayodhya tour package'...
  ⚠️ Error fetching search results for 'Mumbai to Ayodhya tour package': <urlopen error [Errno 8] nodename nor servname provided, or not known>
    ➡️ Blocked/Error
  🔍 Checking rank for: 'Ahmedabad to Ayodhya tour package'...
  ⚠️ Error fetching search results for 'Ahmedabad to Ayodhya tour package': <urlopen error [Errno 8] nodename nor servname provided, or not known>
    ➡️ Blocked/Error
  🔍 Checking rank for: 'ayodhya to varanasi distance'...
  ⚠️ Error fetching search results for 'ayodhya to varanasi distance': <urlopen error [Errno 8] nodename nor servname provided, or not known>
    ➡️ Blocked/Error
  🔍 Checking rank for: 'lucknow to ayodhya same day tour'...
  ⚠️ Error fetching search results for 'lucknow to ayodhya same day tour': <urlopen error [Errno 8] nodename nor servname provided, or not known>
    ➡️ Blocked/Error
✅ Ranks updated in: /Users/rishabhjaiswal/ayodhya-darshan/seo_rank_history.csv

[Step 3/3] Auditing HTML Files & Schemas...
Scanning 57 HTML files for SEO health...
✨ Master health report written to: /Users/rishabhjaiswal/ayodhya-darshan/seo_health_report.md

============================================================
                  ALL AUTOMATED SEO TASKS DONE                  
============================================================
🚀 Starting Auto-Push to GitHub...
[main ad1f7b5] Auto-update: Daily SEO rankings, health report, and optimized assets
 Committer: Rishabh Jaiswal <rishabhjaiswal@Rishabhs-MacBook-Pro-2.local>
Your name and email address were configured automatically based
on your username and hostname. Please check that they are accurate.
You can suppress this message by setting them explicitly. Run the
following command and follow the instructions in your editor to edit
your configuration file:

    git config --global --edit

After doing this, you may fix the identity used for this commit with:

    git commit --amend --reset-author

 2 files changed, 6 insertions(+), 1 deletion(-)

📄 Your master SEO report has been generated and pushed to GitHub!
============================================================
          AYODHYA DHARSHAN AUTOMATED SEO LAUNCHER          
============================================================
============================================================
        STARTING AUTOMATED DAILY SEO ENGINE CHECKUP        
============================================================

[Step 1/3] Optimizing & Geotagging Images...
✅ Image optimization complete. Optimized 0 new images.

[Step 2/3] Checking Google Keyword positions...
Checking keyword ranks on Google...
  🔍 Checking rank for: 'Delhi to Ayodhya tour package'...
  ⚠️ Error fetching search results for 'Delhi to Ayodhya tour package': <urlopen error [Errno 8] nodename nor servname provided, or not known>
    ➡️ Blocked/Error
  🔍 Checking rank for: 'Mumbai to Ayodhya tour package'...
  ⚠️ Error fetching search results for 'Mumbai to Ayodhya tour package': <urlopen error [Errno 8] nodename nor servname provided, or not known>
    ➡️ Blocked/Error
  🔍 Checking rank for: 'Ahmedabad to Ayodhya tour package'...
  ⚠️ Error fetching search results for 'Ahmedabad to Ayodhya tour package': <urlopen error [Errno 8] nodename nor servname provided, or not known>
    ➡️ Blocked/Error
  🔍 Checking rank for: 'ayodhya to varanasi distance'...
  ⚠️ Error fetching search results for 'ayodhya to varanasi distance': <urlopen error [Errno 8] nodename nor servname provided, or not known>
    ➡️ Blocked/Error
  🔍 Checking rank for: 'lucknow to ayodhya same day tour'...
  ⚠️ Error fetching search results for 'lucknow to ayodhya same day tour': <urlopen error [Errno 8] nodename nor servname provided, or not known>
    ➡️ Blocked/Error
✅ Ranks updated in: /Users/rishabhjaiswal/ayodhya-darshan/seo_rank_history.csv

[Step 3/3] Auditing HTML Files & Schemas...
Scanning 59 HTML files for SEO health...
✨ Master health report written to: /Users/rishabhjaiswal/ayodhya-darshan/seo_health_report.md

============================================================
                  ALL AUTOMATED SEO TASKS DONE                  
============================================================
🚀 Starting Auto-Push to GitHub...
[main c0d96f3] Auto-update: Daily SEO rankings, health report, and optimized assets
 Committer: Rishabh Jaiswal <rishabhjaiswal@Rishabhs-MacBook-Pro-2.local>
Your name and email address were configured automatically based
on your username and hostname. Please check that they are accurate.
You can suppress this message by setting them explicitly. Run the
following command and follow the instructions in your editor to edit
your configuration file:

    git config --global --edit

After doing this, you may fix the identity used for this commit with:

    git commit --amend --reset-author

 2 files changed, 6 insertions(+), 1 deletion(-)

📄 Your master SEO report has been generated and pushed to GitHub!
============================================================
          AYODHYA DHARSHAN AUTOMATED SEO LAUNCHER          
============================================================
============================================================
        STARTING AUTOMATED DAILY SEO ENGINE CHECKUP        
============================================================

[Step 1/3] Optimizing & Geotagging Images...
✅ Image optimization complete. Optimized 0 new images.

[Step 2/3] Checking Google Keyword positions...
Checking keyword ranks on Google...
  🔍 Checking rank for: 'Delhi to Ayodhya tour package'...
  ⚠️ Error fetching search results for 'Delhi to Ayodhya tour package': <urlopen error [Errno 8] nodename nor servname provided, or not known>
    ➡️ Blocked/Error
  🔍 Checking rank for: 'Mumbai to Ayodhya tour package'...
  ⚠️ Error fetching search results for 'Mumbai to Ayodhya tour package': <urlopen error [Errno 8] nodename nor servname provided, or not known>
    ➡️ Blocked/Error
  🔍 Checking rank for: 'Ahmedabad to Ayodhya tour package'...
  ⚠️ Error fetching search results for 'Ahmedabad to Ayodhya tour package': <urlopen error [Errno 8] nodename nor servname provided, or not known>
    ➡️ Blocked/Error
  🔍 Checking rank for: 'ayodhya to varanasi distance'...
  ⚠️ Error fetching search results for 'ayodhya to varanasi distance': <urlopen error [Errno 8] nodename nor servname provided, or not known>
    ➡️ Blocked/Error
  🔍 Checking rank for: 'lucknow to ayodhya same day tour'...
  ⚠️ Error fetching search results for 'lucknow to ayodhya same day tour': <urlopen error [Errno 8] nodename nor servname provided, or not known>
    ➡️ Blocked/Error
✅ Ranks updated in: /Users/rishabhjaiswal/ayodhya-darshan/seo_rank_history.csv

[Step 3/3] Auditing HTML Files & Schemas...
Scanning 59 HTML files for SEO health...
✨ Master health report written to: /Users/rishabhjaiswal/ayodhya-darshan/seo_health_report.md

============================================================
                  ALL AUTOMATED SEO TASKS DONE                  
============================================================
🚀 Starting Auto-Push to GitHub...
[main e572138] Auto-update: Daily SEO rankings, health report, and optimized assets
 Committer: Rishabh Jaiswal <rishabhjaiswal@Rishabhs-MacBook-Pro-2.local>
Your name and email address were configured automatically based
on your username and hostname. Please check that they are accurate.
You can suppress this message by setting them explicitly. Run the
following command and follow the instructions in your editor to edit
your configuration file:

    git config --global --edit

After doing this, you may fix the identity used for this commit with:

    git commit --amend --reset-author

 2 files changed, 6 insertions(+), 1 deletion(-)

📄 Your master SEO report has been generated and pushed to GitHub!
============================================================
          AYODHYA DHARSHAN AUTOMATED SEO LAUNCHER          
============================================================
============================================================
        STARTING AUTOMATED DAILY SEO ENGINE CHECKUP        
============================================================

[Step 1/3] Optimizing & Geotagging Images...
✅ Image optimization complete. Optimized 0 new images.

[Step 2/3] Checking Google Keyword positions...
Checking keyword ranks on Google...
  🔍 Checking rank for: 'Delhi to Ayodhya tour package'...
  ⚠️ Error fetching search results for 'Delhi to Ayodhya tour package': <urlopen error [Errno 8] nodename nor servname provided, or not known>
    ➡️ Blocked/Error
  🔍 Checking rank for: 'Mumbai to Ayodhya tour package'...
  ⚠️ Error fetching search results for 'Mumbai to Ayodhya tour package': <urlopen error [Errno 8] nodename nor servname provided, or not known>
    ➡️ Blocked/Error
  🔍 Checking rank for: 'Ahmedabad to Ayodhya tour package'...
  ⚠️ Error fetching search results for 'Ahmedabad to Ayodhya tour package': <urlopen error [Errno 8] nodename nor servname provided, or not known>
    ➡️ Blocked/Error
  🔍 Checking rank for: 'ayodhya to varanasi distance'...
  ⚠️ Error fetching search results for 'ayodhya to varanasi distance': <urlopen error [Errno 8] nodename nor servname provided, or not known>
    ➡️ Blocked/Error
  🔍 Checking rank for: 'lucknow to ayodhya same day tour'...
  ⚠️ Error fetching search results for 'lucknow to ayodhya same day tour': HTTP Error 429: Too Many Requests
    ➡️ Blocked/Error
✅ Ranks updated in: /Users/rishabhjaiswal/ayodhya-darshan/seo_rank_history.csv

[Step 3/3] Auditing HTML Files & Schemas...
Scanning 65 HTML files for SEO health...
✨ Master health report written to: /Users/rishabhjaiswal/ayodhya-darshan/seo_health_report.md

============================================================
                  ALL AUTOMATED SEO TASKS DONE                  
============================================================
🚀 Starting Auto-Push to GitHub...
[main 2bd76f8] Auto-update: Daily SEO rankings, health report, and optimized assets
 Committer: Rishabh Jaiswal <rishabhjaiswal@Rishabhs-MacBook-Pro-2.local>
Your name and email address were configured automatically based
on your username and hostname. Please check that they are accurate.
You can suppress this message by setting them explicitly. Run the
following command and follow the instructions in your editor to edit
your configuration file:

    git config --global --edit

After doing this, you may fix the identity used for this commit with:

    git commit --amend --reset-author

 2 files changed, 6 insertions(+), 1 deletion(-)

📄 Your master SEO report has been generated and pushed to GitHub!
============================================================
          AYODHYA DHARSHAN AUTOMATED SEO LAUNCHER          
============================================================
============================================================
        STARTING AUTOMATED DAILY SEO ENGINE CHECKUP        
============================================================

[Step 1/3] Optimizing & Geotagging Images...
✅ Image optimization complete. Optimized 0 new images.

[Step 2/3] Checking Google Keyword positions...
Checking keyword ranks on Google...
  🔍 Checking rank for: 'Delhi to Ayodhya tour package'...
  ⚠️ Error fetching search results for 'Delhi to Ayodhya tour package': <urlopen error [Errno 8] nodename nor servname provided, or not known>
    ➡️ Blocked/Error
  🔍 Checking rank for: 'Mumbai to Ayodhya tour package'...
    ➡️ Not in top 50
  🔍 Checking rank for: 'Ahmedabad to Ayodhya tour package'...
  ⚠️ Error fetching search results for 'Ahmedabad to Ayodhya tour package': The read operation timed out
    ➡️ Blocked/Error
  🔍 Checking rank for: 'ayodhya to varanasi distance'...
  ⚠️ Error fetching search results for 'ayodhya to varanasi distance': <urlopen error [Errno 8] nodename nor servname provided, or not known>
    ➡️ Blocked/Error
  🔍 Checking rank for: 'lucknow to ayodhya same day tour'...
    ➡️ Not in top 50
✅ Ranks updated in: /Users/rishabhjaiswal/ayodhya-darshan/seo_rank_history.csv

[Step 3/3] Auditing HTML Files & Schemas...
Scanning 65 HTML files for SEO health...
✨ Master health report written to: /Users/rishabhjaiswal/ayodhya-darshan/seo_health_report.md

============================================================
                  ALL AUTOMATED SEO TASKS DONE                  
============================================================
🚀 Starting Auto-Push to GitHub...
[main 3b20525] Auto-update: Daily SEO rankings, health report, and optimized assets
 Committer: Rishabh Jaiswal <rishabhjaiswal@Rishabhs-MacBook-Pro-2.local>
Your name and email address were configured automatically based
on your username and hostname. Please check that they are accurate.
You can suppress this message by setting them explicitly. Run the
following command and follow the instructions in your editor to edit
your configuration file:

    git config --global --edit

After doing this, you may fix the identity used for this commit with:

    git commit --amend --reset-author

 2 files changed, 6 insertions(+), 1 deletion(-)

📄 Your master SEO report has been generated and pushed to GitHub!
